,time,"1, 0, RFPSt","1, 1, RFPSt","1, 2, RFPSt","1, 0, GFP","1, 1, GFP","1, 2, GFP","B, 0, RFPSt","B, 1, RFPSt","B, 2, RFPSt","B, 3, RFPSt","B, 4, RFPSt","B, 5, RFPSt","B, 6, RFPSt","B, 7, RFPSt","B, 8, RFPSt","B, 9, RFPSt","B, 10, RFPSt","B, 11, RFPSt","B, 12, RFPSt","B, 13, RFPSt","B, 14, RFPSt","B, 0, GFP","B, 1, GFP","B, 2, GFP","B, 3, GFP","B, 4, GFP","B, 5, GFP","B, 6, GFP","B, 7, GFP","B, 8, GFP","B, 9, GFP","B, 10, GFP","B, 11, GFP","B, 12, GFP","B, 13, GFP","B, 14, GFP","10, 0, RFPSt","10, 1, RFPSt","10, 2, RFPSt","10, 0, GFP","10, 1, GFP","10, 2, GFP","18, 0, RFPSt","18, 1, RFPSt","18, 2, RFPSt","18, 0, GFP","18, 1, GFP","18, 2, GFP","19, 0, RFPSt","19, 1, RFPSt","19, 2, RFPSt","19, 0, GFP","19, 1, GFP","19, 2, GFP","27, 0, RFPSt","27, 1, RFPSt","27, 2, RFPSt","27, 0, GFP","27, 1, GFP","27, 2, GFP","2, 0, RFPSt","2, 1, RFPSt","2, 2, RFPSt","2, 0, GFP","2, 1, GFP","2, 2, GFP","11, 0, RFPSt","11, 1, RFPSt","11, 2, RFPSt","11, 0, GFP","11, 1, GFP","11, 2, GFP","20, 0, RFPSt","20, 1, RFPSt","20, 2, RFPSt","20, 0, GFP","20, 1, GFP","20, 2, GFP","3, 0, RFPSt","3, 1, RFPSt","3, 0, GFP","3, 1, GFP","9, 0, RFPSt","9, 1, RFPSt","9, 2, RFPSt","9, 0, GFP","9, 1, GFP","9, 2, GFP","12, 0, RFPSt","12, 1, RFPSt","12, 2, RFPSt","12, 0, GFP","12, 1, GFP","12, 2, GFP","21, 0, RFPSt","21, 1, RFPSt","21, 2, RFPSt","21, 0, GFP","21, 1, GFP","21, 2, GFP","4, 0, RFPSt","4, 1, RFPSt","4, 2, RFPSt","4, 0, GFP","4, 1, GFP","4, 2, GFP","13, 0, RFPSt","13, 1, RFPSt","13, 2, RFPSt","13, 0, GFP","13, 1, GFP","13, 2, GFP","22, 0, RFPSt","22, 1, RFPSt","22, 2, RFPSt","22, 0, GFP","22, 1, GFP","22, 2, GFP","5, 0, RFPSt","5, 1, RFPSt","5, 2, RFPSt","5, 0, GFP","5, 1, GFP","5, 2, GFP","14, 0, RFPSt","14, 1, RFPSt","14, 2, RFPSt","14, 0, GFP","14, 1, GFP","14, 2, GFP","23, 0, RFPSt","23, 1, RFPSt","23, 2, RFPSt","23, 0, GFP","23, 1, GFP","23, 2, GFP","6, 0, RFPSt","6, 1, RFPSt","6, 2, RFPSt","6, 0, GFP","6, 1, GFP","6, 2, GFP","15, 0, RFPSt","15, 1, RFPSt","15, 2, RFPSt","15, 0, GFP","15, 1, GFP","15, 2, GFP","24, 0, RFPSt","24, 1, RFPSt","24, 2, RFPSt","24, 0, GFP","24, 1, GFP","24, 2, GFP","7, 0, RFPSt","7, 1, RFPSt","7, 2, RFPSt","7, 0, GFP","7, 1, GFP","7, 2, GFP","16, 0, RFPSt","16, 1, RFPSt","16, 2, RFPSt","16, 0, GFP","16, 1, GFP","16, 2, GFP","25, 0, RFPSt","25, 1, RFPSt","25, 2, RFPSt","25, 0, GFP","25, 1, GFP","25, 2, GFP","8, 0, RFPSt","8, 1, RFPSt","8, 2, RFPSt","8, 0, GFP","8, 1, GFP","8, 2, GFP","17, 0, RFPSt","17, 1, RFPSt","17, 2, RFPSt","17, 0, GFP","17, 1, GFP","17, 2, GFP","26, 0, RFPSt","26, 1, RFPSt","26, 2, RFPSt","26, 0, GFP","26, 1, GFP","26, 2, GFP"
0,0,390,388,394,529,561,535,415,436,425,348,410,253,391,388,395,323,345,370,283,310,263,552,585,568,517,555,404,528,577,549,457,487,485,396,426,340,350,338,322,486,488,474,345.0,388.0,317.0,495,581,464,365,379,343,520,560,512,314,317,272,477,492,393,434,383,391,592,565,582,373,369,379,554,570,561,370,345,340,540,529,508,379,438,556,636,403.0,364.0,370.0,590,554,531,374,366,405,555,556,612,398,406,318,588,616,525,428,408,373,597,584,537,406,401,339,588,594,509,362,343,236,519,540,402,415.0,396,404.0,582,572,590,341,318.0,384,525,503,556,374,326,354,527,514,527,405.0,395.0,365.0,541,565,541,346.0,348.0,335.0,493,507,484,361,354,312,516,529,453,406.0,380.0,275.0,559,545,425,326.0,331.0,354.0,447,482,495,288,333,268,397,492,405,285.0,287.0,242.0,362,387,342,303.0,305.0,253.0,416,423,339,310,332,266,411,461,372
1,10,368,362,366,400,411,393,368,371,380,313,378,247,369,349,350,289,328,360,273,299,254,391,398,403,369,395,306,385,397,387,333,369,389,314,324,285,315,323,291,352,357,343,318.0,360.0,311.0,361,423,353,330,347,312,417,445,405,299,306,269,407,403,345,380,363,362,411,403,407,339,338,359,381,393,381,344,324,324,418,404,414,350,399,399,443,375.0,342.0,355.0,403,376,370,356,342,378,386,386,430,370,365,286,457,472,398,391,370,353,440,403,376,378,375,308,418,419,364,339,325,229,413,431,349,390.0,371,377.0,410,395,408,314,300.0,363,386,371,407,350,307,348,418,393,424,379.0,367.0,339.0,399,407,385,327.0,332.0,317.0,365,362,362,349,334,301,426,427,387,386.0,358.0,263.0,420,404,328,305.0,314.0,348.0,338,359,373,282,314,255,336,422,344,274.0,277.0,236.0,309,312,291,299.0,297.0,238.0,336,335,281,300,321,262,373,415,348
2,20,369,347,362,432,437,422,367,363,378,307,379,249,369,341,339,288,330,369,266,302,263,382,381,382,338,379,301,367,366,363,313,352,389,302,313,285,311,323,286,377,379,361,319.0,362.0,313.0,380,441,365,325,341,310,547,608,538,294,308,274,567,563,486,380,362,366,444,431,429,332,333,359,399,406,403,340,318,321,558,542,560,344,394,419,466,377.0,341.0,352.0,434,402,389,353,342,377,405,401,447,368,363,279,618,636,517,382,372,351,457,424,396,379,375,303,435,432,385,342,327,228,528,567,480,394.0,365,382.0,442,415,426,310,300.0,363,398,382,413,347,304,345,544,519,564,379.0,367.0,332.0,428,429,403,325.0,331.0,318.0,383,385,378,343,326,304,569,572,532,389.0,359.0,267.0,455,435,352,307.0,316.0,342.0,357,373,393,283,310,254,445,578,466,282.0,277.0,238.0,345,346,321,302.0,300.0,236.0,367,368,295,299,317,265,524,592,486
3,30,393,379,392,505,517,504,365,363,376,308,373,246,369,334,341,287,334,374,269,303,264,393,388,386,342,381,304,366,362,371,319,354,405,317,320,293,335,340,305,439,437,419,346.0,397.0,340.0,450,512,443,332,346,315,804,895,784,298,313,278,890,893,757,410,395,398,522,505,512,359,364,378,469,473,476,345,321,322,847,821,838,374,421,489,550,401.0,367.0,376.0,516,471,458,380,368,417,469,466,525,374,363,279,928,944,751,421,397,379,552,509,468,404,402,328,512,518,444,343,329,227,785,852,714,421.0,394,406.0,534,492,512,339,318.0,393,464,441,476,346,300,349,823,792,867,404.0,394.0,358.0,524,512,479,355.0,350.0,349.0,457,458,444,348,337,316,875,888,828,426.0,401.0,294.0,561,538,428,333.0,341.0,374.0,430,440,473,279,316,255,685,903,715,310.0,308.0,269.0,434,415,395,336.0,330.0,253.0,452,455,349,301,325,273,817,947,744
4,40,490,496,496,621,646,615,371,365,374,310,376,244,362,337,340,284,331,384,270,305,269,403,400,402,354,389,307,381,373,386,324,374,427,324,328,306,411,405,379,532,524,499,441.0,512.0,422.0,556,636,552,341,357,322,1132,1288,1119,311,332,293,1378,1369,1160,508,506,502,645,629,632,452,463,452,558,585,573,357,333,342,1256,1208,1228,471,515,601,677,487.0,446.0,464.0,644,585,577,476,441,522,574,556,640,388,380,290,1376,1402,1090,533,487,466,696,644,582,492,493,401,637,638,540,350,346,243,1169,1281,1047,510.0,478,498.0,671,603,628,437,387.0,490,578,542,576,355,311,374,1259,1203,1321,493.0,491.0,449.0,665,644,595,444.0,426.0,433.0,567,558,543,368,352,332,1341,1375,1276,540.0,512.0,376.0,735,693,538,424.0,420.0,468.0,524,553,588,289,338,269,1051,1401,1099,392.0,387.0,359.0,557,525,504,436.0,417.0,309.0,565,580,427,321,346,284,1263,1470,1116
5,50,661,727,685,756,800,747,371,367,377,310,377,252,364,337,340,284,338,394,271,309,268,425,412,412,364,412,319,396,390,400,334,396,458,344,345,321,556,541,521,643,622,599,640.0,748.0,592.0,681,773,677,366,395,351,1478,1730,1476,350,363,322,2040,2012,1674,693,742,719,784,782,772,635,667,616,682,711,709,384,358,371,1718,1661,1691,671,712,725,829,691.0,636.0,653.0,810,734,718,681,605,739,700,678,785,415,414,310,1939,1923,1506,788,675,669,866,805,721,697,714,572,789,800,669,372,373,267,1634,1784,1449,703.0,680,702.0,830,746,783,641,531.0,700,715,669,698,386,334,410,1814,1700,1885,689.0,701.0,653.0,831,808,745,649.0,603.0,609.0,710,690,677,397,387,362,1924,1980,1841,782.0,775.0,549.0,938,877,675,611.0,587.0,666.0,650,687,726,308,364,298,1491,1988,1565,567.0,553.0,547.0,699,657,626,632.0,595.0,423.0,703,722,517,348,380,307,1806,2146,1587
6,60,906,1076,984,904,960,892,371,362,376,304,374,248,360,331,340,279,336,395,273,309,269,455,432,433,374,429,334,410,411,422,345,427,483,363,366,333,797,762,745,776,742,706,964.0,1150.0,884.0,815,943,812,403,446,384,1783,2106,1797,406,416,365,2777,2743,2241,969,1115,1063,939,945,930,935,1000,883,821,853,855,426,392,421,2147,2063,2147,991,1024,871,993,1032.0,949.0,976.0,1000,899,871,1005,877,1105,824,819,944,471,463,350,2567,2488,1944,1205,1008,994,1051,991,877,1037,1066,876,951,968,825,401,425,312,2117,2348,1901,1033.0,1018,1052.0,1010,897,962,986,777.0,1048,870,795,833,426,366,467,2396,2241,2494,1027.0,1076.0,1002.0,1019,983,910,1008.0,899.0,920.0,868,842,826,448,454,418,2555,2696,2458,1201.0,1224.0,838.0,1168,1095,820,941.0,863.0,1002.0,794,834,877,343,423,341,1994,2648,2084,869.0,831.0,878.0,854,798,768,971.0,901.0,621.0,852,885,626,396,439,348,2439,2916,2095
7,70,1246,1518,1359,1041,1128,1040,371,364,373,307,370,246,358,336,342,279,338,405,271,309,275,476,451,450,395,451,350,429,438,440,361,453,510,384,383,356,1118,1077,1045,902,869,817,1401.0,1714.0,1309.0,948,1100,954,453,520,436,2004,2406,2054,500,495,434,3572,3491,2851,1361,1594,1530,1098,1113,1108,1338,1440,1222,956,1000,1003,482,445,491,2539,2450,2561,1432,1460,1013,1160,1517.0,1398.0,1449.0,1189,1066,1025,1472,1257,1614,971,954,1107,540,543,408,3169,3047,2360,1810,1461,1459,1250,1161,1032,1529,1572,1321,1128,1147,992,451,498,381,2630,2925,2371,1505.0,1486,1556.0,1187,1052,1147,1479,1132.0,1554,1026,929,975,495,423,550,3032,2857,3128,1520.0,1630.0,1507.0,1189,1172,1080,1535.0,1328.0,1369.0,1030,997,980,529,540,489,3233,3410,3152,1813.0,1905.0,1286.0,1382,1311,990,1428.0,1268.0,1504.0,938,985,1044,392,515,408,2509,3359,2636,1314.0,1247.0,1379.0,1012,941,927,1460.0,1374.0,909.0,1019,1052,729,466,529,418,3089,3694,2640
8,80,1670,2080,1839,1205,1298,1196,370,361,374,302,373,248,357,333,339,274,339,408,268,306,271,498,465,468,407,467,360,446,456,464,376,471,534,403,397,372,1519,1467,1431,1025,993,928,1991.0,2509.0,1884.0,1083,1264,1104,523,614,506,2193,2626,2253,630,610,527,4407,4289,3476,1874,2254,2177,1269,1294,1294,1866,2021,1719,1093,1146,1149,568,521,582,2898,2783,2897,2032,2036,1161,1320,2207.0,2012.0,2080.0,1373,1233,1188,2128,1771,2332,1117,1086,1273,645,652,489,3736,3635,2776,2590,2071,2078,1439,1331,1182,2201,2272,1958,1293,1321,1170,521,599,464,3131,3519,2803,2132.0,2121,2223.0,1361,1219,1316,2168,1629.0,2256,1197,1076,1119,581,511,672,3680,3501,3802,2207.0,2378.0,2165.0,1386,1367,1249,2254.0,1904.0,2007.0,1200,1153,1140,634,668,590,3937,4171,3864,2623.0,2817.0,1924.0,1604,1540,1162,2067.0,1832.0,2165.0,1080,1149,1211,458,631,510,3024,4091,3233,1915.0,1802.0,2054.0,1182,1094,1079,2115.0,2022.0,1305.0,1178,1225,841,564,650,502,3773,4536,3215
9,90,2187,2717,2424,1380,1461,1373,368,358,373,299,373,249,352,329,340,278,339,412,267,308,272,506,476,480,417,480,372,451,473,479,384,487,552,413,413,385,2023,1959,1915,1163,1116,1047,2774.0,3535.0,2646.0,1215,1444,1259,625,744,604,2341,2784,2423,807,758,651,5233,5105,4142,2502,3043,2920,1440,1484,1461,2496,2732,2338,1230,1297,1312,689,627,708,3202,3076,3173,2723,2731,1291,1478,3083.0,2794.0,2892.0,1560,1403,1355,2953,2418,3248,1274,1233,1455,773,793,597,4233,4193,3205,3529,2833,2822,1619,1504,1333,3033,3192,2747,1457,1500,1328,617,733,567,3670,4094,3206,2957.0,2908,3043.0,1558,1372,1494,3067,2276.0,3154,1366,1225,1279,713,628,831,4366,4127,4444,3083.0,3331.0,3004.0,1581,1565,1428,3141.0,2659.0,2804.0,1362,1319,1291,782,834,724,4651,4979,4592,3698.0,3997.0,2744.0,1846,1767,1332,2873.0,2557.0,2990.0,1219,1313,1368,555,790,633,3569,4825,3846,2710.0,2536.0,2915.0,1354,1261,1237,2932.0,2862.0,1816.0,1343,1399,952,694,815,617,4474,5435,3832
10,100,2754,3424,3080,1554,1643,1554,368,358,369,299,369,251,347,328,337,277,336,418,273,307,270,523,489,489,430,499,385,466,491,491,399,507,572,428,429,405,2599,2507,2467,1308,1255,1181,3727.0,4805.0,3578.0,1356,1630,1422,758,909,735,2464,2918,2560,1016,946,806,6045,5924,4803,3208,3913,3768,1609,1671,1644,3221,3545,3068,1377,1453,1484,841,760,869,3468,3304,3410,3569,3583,1427,1646,4165.0,3773.0,3878.0,1749,1576,1519,3942,3204,4290,1433,1376,1620,938,966,727,4724,4710,3606,4642,3781,3735,1807,1692,1484,4080,4259,3700,1650,1687,1494,735,886,699,4215,4608,3651,3990.0,3858,4092.0,1758,1527,1684,4131,3098.0,4263,1538,1381,1430,883,774,1027,5101,4796,5127,4140.0,4474.0,4072.0,1762,1754,1614,4261.0,3627.0,3766.0,1538,1499,1449,968,1050,892,5366,5797,5358,5056.0,5435.0,3769.0,2094,1998,1507,3909.0,3444.0,4010.0,1368,1479,1537,676,982,788,4129,5591,4475,3719.0,3469.0,3964.0,1536,1429,1391,3938.0,3918.0,2454.0,1515,1585,1071,855,1022,754,5190,6308,4434
11,110,3357,4141,3759,1727,1831,1739,367,355,369,301,371,252,350,328,337,274,336,419,271,308,271,542,504,507,446,517,395,480,509,507,409,528,602,446,445,421,3212,3105,3063,1450,1395,1312,4859.0,6321.0,4647.0,1497,1817,1564,915,1111,899,2553,3017,2662,1268,1166,1002,6930,6780,5489,4000,4846,4662,1798,1852,1827,4041,4419,3864,1547,1612,1664,1033,931,1072,3711,3542,3621,4552,4567,1576,1821,5509.0,4934.0,5089.0,1943,1760,1699,5070,4058,5499,1594,1522,1808,1141,1172,887,5209,5158,3973,5942,4883,4794,1997,1878,1647,5329,5554,4822,1839,1887,1667,889,1071,858,4787,5150,4093,5190.0,5018,5301.0,1958,1693,1865,5448,4079.0,5448,1722,1534,1570,1078,946,1267,5835,5415,5797,5412.0,5755.0,5325.0,1948,1934,1790,5579.0,4762.0,4951.0,1713,1668,1615,1192,1303,1103,6125,6606,6136,6655.0,7112.0,5005.0,2343,2226,1686,5149.0,4516.0,5237.0,1526,1643,1710,822,1219,984,4704,6398,5139,4927.0,4621.0,5174.0,1716,1589,1548,5099.0,5214.0,3231.0,1672,1764,1194,1050,1261,925,5902,7182,5050
12,120,3958,4884,4446,1906,2011,1915,364,353,370,299,373,249,347,333,337,278,335,426,273,308,272,560,522,517,456,537,414,491,530,529,425,549,626,465,466,437,3846,3730,3652,1594,1529,1443,6170.0,8047.0,5906.0,1650,1998,1724,1103,1343,1087,2619,3083,2718,1569,1436,1222,7819,7656,6178,4880,5835,5588,1999,2049,2001,4909,5313,4715,1711,1772,1834,1260,1133,1310,3904,3720,3781,5638,5670,1734,2002,7074.0,6321.0,6521.0,2140,1947,1886,6298,5038,6869,1749,1664,1999,1377,1423,1080,5655,5616,4335,7389,6162,5974,2193,2081,1802,6775,7074,6088,2037,2099,1827,1078,1298,1049,5366,5691,4536,6553.0,6331,6729.0,2147,1855,2058,6933,5242.0,6868,1899,1693,1721,1318,1160,1548,6580,6053,6509,6964.0,7259.0,6785.0,2149,2127,1968,7102.0,6107.0,6308.0,1885,1851,1783,1448,1597,1345,6858,7423,6910,8554.0,9068.0,6452.0,2598,2454,1858,6595.0,5752.0,6642.0,1690,1805,1889,994,1512,1197,5275,7265,5773,6359.0,5996.0,6557.0,1905,1774,1698,6420.0,6718.0,4140.0,1828,1948,1318,1284,1561,1122,6633,8109,5699
13,130,4569,5614,5128,2077,2201,2098,367,350,368,299,370,249,343,327,333,274,332,430,271,307,273,584,540,534,472,559,428,507,547,549,442,569,657,487,490,462,4496,4358,4260,1747,1684,1578,7664.0,10010.0,7352.0,1798,2185,1885,1321,1621,1320,2675,3142,2783,1918,1749,1492,8739,8562,6896,5804,6832,6536,2210,2244,2188,5737,6268,5602,1860,1944,2010,1530,1377,1579,4074,3889,3902,6866,6883,1896,2203,8893.0,7880.0,8159.0,2350,2132,2073,7660,6139,8416,1919,1836,2203,1653,1712,1295,6060,6019,4672,9021,7600,7309,2388,2275,1970,8409,8799,7488,2248,2311,2006,1289,1554,1265,5898,6237,4982,8128.0,7869,8362.0,2357,2041,2255,8528,6591.0,8525,2057,1843,1893,1590,1410,1879,7310,6733,7213,8773.0,8943.0,8526.0,2362,2320,2173,8789.0,7640.0,7853.0,2053,2043,1955,1728,1933,1612,7525,8251,7699,10748.0,11194.0,8135.0,2865,2666,2044,8260.0,7222.0,8223.0,1852,1984,2066,1208,1832,1442,5887,8138,6413,8003.0,7593.0,8090.0,2086,1958,1849,7938.0,8513.0,5189.0,2000,2143,1450,1557,1905,1361,7396,9039,6380
14,140,5152,6324,5804,2252,2391,2289,369,353,364,298,367,249,342,331,335,276,335,429,276,308,272,595,554,550,492,576,447,525,568,576,458,596,683,503,507,476,5146,5010,4870,1893,1836,1716,9356.0,12138.0,8891.0,1962,2378,2040,1568,1947,1581,2712,3208,2840,2300,2106,1795,9673,9466,7612,6735,7795,7471,2428,2444,2391,6595,7195,6530,2023,2112,2187,1835,1643,1890,4200,3997,4024,8136,8261,2065,2410,10927.0,9652.0,9980.0,2561,2324,2268,9114,7283,10083,2097,1987,2425,1971,2011,1540,6454,6341,4974,10809,9156,8743,2613,2466,2132,10168,10653,9009,2445,2515,2181,1529,1843,1509,6414,6778,5412,9899.0,9544,10116.0,2575,2213,2442,10335,8075.0,10319,2244,2009,2063,1893,1697,2231,8009,7383,7907,10812.0,10889.0,10453.0,2573,2527,2386,10632.0,9338.0,9468.0,2217,2227,2106,2056,2321,1915,8269,9073,8453,13233.0,13630.0,9947.0,3136,2890,2210,10102.0,8863.0,9990.0,2019,2153,2246,1435,2204,1729,6477,9023,7084,9807.0,9415.0,9797.0,2262,2143,1998,9696.0,10526.0,6377.0,2183,2331,1580,1871,2294,1627,8200,9973,7074
15,150,5718,7014,6440,2432,2604,2475,364,351,368,301,369,253,347,331,338,274,332,438,274,309,277,616,572,564,509,596,462,546,587,595,479,617,712,524,530,499,5727,5642,5473,2041,2001,1869,11223.0,14509.0,10646.0,2125,2573,2211,1845,2307,1881,2736,3255,2884,2718,2485,2135,10622,10358,8350,7657,8728,8435,2646,2642,2601,7433,8147,7453,2202,2301,2389,2166,1940,2239,4296,4088,4123,9477,9681,2239,2634,13226.0,11587.0,12022.0,2781,2508,2461,10641,8550,11799,2271,2165,2640,2328,2357,1812,6809,6655,5259,12798,10887,10329,2841,2675,2314,12075,12657,10754,2659,2741,2367,1797,2170,1791,6958,7332,5886,11839.0,11298,11995.0,2785,2388,2621,12345,9739.0,12310,2435,2181,2239,2237,2017,2630,8713,8033,8612,13120.0,13036.0,12599.0,2802,2748,2593,12717.0,11151.0,11202.0,2414,2415,2261,2435,2746,2263,9023,9927,9266,15878.0,16238.0,11969.0,3372,3104,2385,12119.0,10677.0,11935.0,2193,2334,2439,1694,2607,2043,7051,9876,7788,11816.0,11396.0,11670.0,2439,2330,2151,11636.0,12791.0,7682.0,2374,2534,1715,2234,2722,1913,9016,10885,7728
16,160,6280,7707,7025,2607,2807,2657,367,353,368,302,369,251,346,329,334,278,337,447,274,309,275,636,588,585,523,607,477,559,602,619,492,644,750,544,556,522,6346,6274,6068,2197,2160,2020,13280.0,17117.0,12581.0,2301,2771,2384,2148,2706,2232,2760,3301,2919,3199,2910,2514,11575,11231,9101,8580,9560,9365,2873,2843,2820,8260,9075,8370,2374,2480,2570,2530,2272,2626,4380,4167,4224,10840,11199,2407,2863,15769.0,13788.0,14119.0,3008,2711,2642,12169,9885,13570,2453,2347,2858,2729,2746,2108,7155,6925,5500,14822,12741,12033,3060,2881,2489,14110,14757,12644,2871,2958,2570,2105,2537,2107,7461,7868,6335,13972.0,13239,14079.0,3007,2570,2821,14532,11582.0,14442,2640,2353,2421,2623,2386,3059,9441,8703,9288,15641.0,15352.0,14820.0,3028,2963,2793,14977.0,13209.0,13163.0,2603,2613,2434,2831,3215,2646,9762,10776,10083,18785.0,19129.0,14156.0,3638,3339,2559,14340.0,12711.0,14069.0,2369,2527,2627,1989,3043,2387,7663,10746,8510,14066.0,13563.0,13746.0,2631,2510,2322,13766.0,15327.0,9168.0,2565,2737,1853,2637,3195,2236,9849,11797,8414
17,170,6816,8319,7597,2796,3016,2847,361,350,367,300,367,253,346,327,336,280,334,449,278,311,276,648,610,598,538,627,492,583,625,640,511,671,779,563,572,543,6925,6863,6614,2354,2321,2174,15496.0,19767.0,14585.0,2467,2957,2557,2474,3143,2602,2775,3346,2949,3714,3391,2934,12518,12192,9857,9445,10403,10245,3097,3036,3040,9053,9953,9239,2546,2679,2749,2922,2637,3055,4449,4244,4296,12175,12742,2598,3110,18512.0,16186.0,16452.0,3231,2920,2834,13732,11183,15303,2640,2529,3072,3173,3176,2432,7489,7228,5752,16990,14767,13844,3289,3090,2684,16247,16915,14663,3083,3157,2785,2435,2933,2452,7953,8385,6769,16245.0,15250,16307.0,3228,2752,3039,16808,13608.0,16724,2837,2537,2603,3038,2777,3520,10123,9344,9941,18328.0,17803.0,17172.0,3243,3164,2989,17386.0,15445.0,15363.0,2786,2817,2626,3263,3710,3072,10477,11561,10920,21940.0,22286.0,16541.0,3884,3577,2731,16669.0,14922.0,16285.0,2534,2709,2808,2309,3529,2771,8297,11633,9221,16541.0,15911.0,16070.0,2817,2691,2492,16049.0,18088.0,10805.0,2762,2940,2003,3070,3716,2588,10661,12708,9079
18,180,7317,8940,8147,2986,3248,3046,362,350,364,302,366,257,347,332,341,279,330,453,274,313,278,662,623,619,556,641,506,598,644,660,535,694,811,584,597,558,7514,7439,7147,2537,2494,2335,17868.0,22723.0,16823.0,2652,3169,2731,2834,3621,3016,2805,3394,2979,4261,3905,3387,13452,13084,10596,10265,11201,11049,3325,3249,3261,9772,10811,10116,2724,2874,2944,3350,3044,3490,4498,4306,4343,13593,14358,2788,3361,21467.0,18701.0,18919.0,3453,3113,3020,15327,12585,17126,2826,2714,3298,3681,3661,2792,7785,7486,5919,19247,16894,15738,3532,3304,2879,18476,19154,16773,3301,3367,2991,2805,3375,2825,8427,8901,7181,18709.0,17430,18633.0,3464,2939,3239,19314,15824.0,19126,3047,2723,2793,3497,3212,4044,10803,9960,10622,21200.0,20430.0,19554.0,3447,3380,3169,19900.0,17661.0,17749.0,2974,2998,2825,3730,4251,3513,11210,12356,11618,25443.0,25677.0,19217.0,4167,3822,2916,19045.0,17289.0,18685.0,2693,2905,2998,2664,4070,3184,8916,12570,9947,19134.0,18417.0,18539.0,3002,2874,2673,18566.0,21139.0,12602.0,2961,3151,2155,3557,4301,2960,11488,13649,9766
19,190,7801,9466,8610,3180,3462,3228,365,350,367,303,363,253,353,330,335,280,332,459,275,312,276,683,637,634,569,657,521,615,663,673,550,717,839,603,618,575,8046,7977,7652,2719,2661,2502,20407.0,25725.0,19174.0,2830,3356,2906,3215,4116,3462,2816,3430,3013,4840,4453,3874,14397,14018,11335,11018,11916,11788,3546,3451,3474,10476,11629,10931,2913,3080,3134,3815,3462,3978,4547,4359,4409,15019,15921,2995,3607,24578.0,21476.0,21578.0,3666,3324,3212,16914,13987,18926,3022,2906,3531,4213,4185,3166,8037,7735,6074,21575,19064,17719,3756,3508,3077,20779,21555,18968,3514,3600,3194,3223,3854,3232,8895,9388,7565,21321.0,19657,21104.0,3697,3114,3446,21950,18181.0,21685,3259,2917,2980,3970,3686,4576,11401,10591,11253,24306.0,23296.0,22088.0,3663,3609,3343,22464.0,20073.0,20272.0,3141,3182,3021,4241,4808,3998,11955,13083,12411,29215.0,29267.0,21954.0,4431,4065,3095,21579.0,19866.0,21310.0,2857,3094,3202,3049,4641,3630,9538,13519,10664,21941.0,21001.0,21174.0,3179,3036,2847,21183.0,24474.0,14519.0,3148,3375,2304,4072,4939,3386,12308,14626,10487
20,200,8253,9925,9040,3373,3666,3416,363,353,370,301,365,256,346,335,341,286,333,463,278,312,278,706,658,655,592,671,539,631,689,701,570,742,869,620,643,597,8557,8470,8118,2896,2831,2671,23102.0,29028.0,21601.0,3015,3562,3083,3622,4651,3949,2832,3465,3040,5445,5066,4411,15281,14955,12032,11684,12629,12492,3751,3672,3693,11151,12325,11746,3098,3265,3332,4319,3927,4501,4608,4409,4470,16397,17386,3204,3840,27894.0,24382.0,24465.0,3878,3528,3416,18498,15385,20600,3228,3105,3748,4790,4743,3573,8272,7945,6229,23887,21267,19748,3980,3716,3275,23099,23991,21234,3722,3817,3395,3673,4370,3650,9343,9844,7913,24012.0,21985,23717.0,3920,3303,3660,24723,20727.0,24408,3465,3101,3175,4488,4205,5155,12024,11177,11857,27718.0,26367.0,24842.0,3896,3837,3546,25241.0,22602.0,22942.0,3334,3369,3214,4771,5413,4522,12629,13864,13173,33204.0,33042.0,24877.0,4709,4297,3274,24273.0,22616.0,24127.0,3019,3298,3410,3444,5267,4115,10104,14461,11422,24967.0,23749.0,23882.0,3369,3213,3020,23993.0,28043.0,16568.0,3360,3587,2457,4623,5607,3838,13117,15555,11206
21,210,8683,10362,9435,3567,3861,3593,361,351,367,304,362,258,347,335,343,285,336,468,284,313,280,721,672,670,608,684,545,642,710,721,583,762,889,639,660,607,9039,8945,8565,3067,3005,2838,25895.0,32443.0,24247.0,3190,3759,3265,4051,5205,4463,2851,3502,3059,6071,5693,4975,16116,15861,12769,12324,13270,13115,3957,3897,3914,11753,13004,12444,3284,3467,3511,4843,4423,5060,4665,4458,4527,17747,18729,3419,4059,31389.0,27506.0,27422.0,4083,3735,3611,19984,16711,22133,3421,3296,3937,5409,5347,4012,8478,8137,6363,26176,23644,21762,4187,3932,3466,25474,26539,23445,3925,4042,3591,4148,4926,4115,9747,10284,8261,26735.0,24401,26355.0,4132,3487,3867,27646,23346.0,27210,3678,3281,3359,5042,4743,5771,12593,11763,12443,31317.0,29528.0,27834.0,4122,4050,3750,28175.0,25191.0,25755.0,3520,3554,3409,5325,6060,5086,13291,14627,13923,37415.0,37030.0,28086.0,4976,4541,3459,27153.0,25577.0,26996.0,3186,3491,3597,3883,5901,4627,10690,15343,12150,28228.0,26684.0,26787.0,3555,3368,3189,27022.0,31823.0,18767.0,3549,3785,2601,5235,6326,4332,13920,16448,11913
22,220,9072,10732,9825,3755,4062,3785,366,352,368,303,368,257,351,338,345,289,335,476,281,312,283,739,691,684,628,706,566,660,742,739,601,784,912,659,682,623,9495,9375,8977,3253,3175,3011,28811.0,35962.0,27040.0,3365,3956,3432,4514,5809,5028,2878,3536,3097,6748,6367,5595,17053,16732,13484,12903,13862,13659,4158,4108,4119,12295,13606,13140,3461,3661,3696,5409,4949,5644,4713,4518,4572,19055,20046,3633,4275,35047.0,30680.0,30597.0,4286,3918,3810,21429,18088,23600,3617,3496,4142,6058,5988,4511,8644,8304,6526,28566,26072,23859,4424,4153,3659,27882,29090,25739,4138,4270,3794,4679,5514,4628,10147,10683,8602,29628.0,26873,28993.0,4353,3666,4057,30677,26173.0,30154,3897,3470,3559,5636,5319,6422,13205,12277,13045,35108.0,32775.0,30946.0,4335,4268,3949,31261.0,28115.0,28607.0,3720,3756,3590,5923,6738,5671,13964,15351,14674,41814.0,41217.0,31480.0,5219,4778,3640,30174.0,28692.0,30090.0,3361,3685,3797,4359,6563,5156,11311,16184,12853,31593.0,29775.0,29781.0,3732,3545,3357,30124.0,35672.0,21011.0,3749,3967,2741,5866,7089,4841,14682,17306,12628
23,230,9454,11087,10184,3932,4260,3965,362,350,368,308,368,257,349,340,344,291,334,476,286,313,281,758,706,700,644,720,573,669,762,758,618,807,935,669,699,642,9931,9800,9361,3433,3353,3174,31835.0,39516.0,29937.0,3539,4128,3611,5004,6429,5628,2901,3573,3123,7463,7039,6240,17899,17580,14206,13476,14385,14149,4372,4320,4322,12741,14194,13803,3614,3852,3883,5974,5522,6266,4740,4556,4630,20251,21261,3835,4494,38908.0,34023.0,33936.0,4483,4110,4000,22846,19458,25208,3815,3684,4361,6757,6667,5048,8801,8455,6662,31023,28538,25922,4645,4365,3849,30262,31645,28114,4331,4484,3997,5225,6130,5173,10451,11045,8900,32639.0,29384,31790.0,4573,3850,4255,33794,29121.0,33115,4108,3656,3750,6239,5913,7114,13726,12751,13596,39021.0,36057.0,34182.0,4561,4466,4159,34384.0,31128.0,31614.0,3901,3957,3782,6552,7451,6294,14604,16023,15403,46319.0,45380.0,35017.0,5477,5001,3825,33301.0,31887.0,33178.0,3535,3875,3977,4853,7273,5717,11906,17033,13519,35102.0,33053.0,32853.0,3916,3717,3515,33389.0,39849.0,23355.0,3940,4165,2877,6515,7884,5401,15437,18171,13335
24,240,9760,11398,10511,4114,4462,4157,367,356,367,308,368,263,350,341,343,291,339,484,283,320,283,770,713,709,655,735,589,673,778,771,630,820,954,688,721,658,10290,10185,9722,3602,3529,3354,34876.0,43329.0,32990.0,3703,4317,3785,5516,7070,6257,2931,3612,3149,8215,7765,6937,18844,18381,14890,13955,14860,14635,4562,4530,4526,13076,14721,14451,3740,4044,4070,6587,6107,6899,4772,4598,4670,21317,22436,4016,4710,43018.0,37460.0,37294.0,4690,4289,4184,24216,20700,26672,4015,3881,4581,7487,7384,5609,8937,8578,6770,33356,30975,27981,4866,4578,4035,32474,34204,30476,4502,4696,4188,5778,6785,5740,10706,11345,9177,35691.0,31922,34695.0,4790,4020,4464,36852,32190.0,36058,4299,3840,3913,6923,6540,7835,14273,13210,14114,43144.0,39320.0,37393.0,4766,4648,4344,37534.0,34006.0,34748.0,4079,4128,3966,7221,8162,6940,15242,16711,16080,51016.0,49782.0,38746.0,5713,5225,4011,36489.0,35194.0,36469.0,3692,4060,4168,5399,8013,6294,12510,17858,14179,38839.0,36434.0,35966.0,4094,3877,3669,36730.0,44254.0,25850.0,4112,4366,3010,7232,8740,5983,16186,18999,14019
25,250,10069,11631,10789,4294,4643,4326,365,351,366,308,367,264,348,340,347,299,339,489,285,319,283,788,724,718,670,760,600,692,795,791,643,840,976,702,740,668,10620,10532,10033,3766,3703,3516,38004.0,47186.0,36193.0,3857,4503,3964,6044,7740,6928,2957,3649,3184,8962,8488,7636,19632,19135,15559,14391,15337,15056,4757,4742,4744,13437,15159,15046,3911,4235,4265,7210,6715,7561,4814,4652,4723,22255,23596,4207,4947,47195.0,41026.0,40745.0,4876,4468,4358,25467,21923,28079,4214,4065,4800,8235,8105,6187,9054,8674,6868,35661,33466,29995,5067,4787,4221,34618,36629,32855,4671,4896,4387,6395,7493,6343,10978,11646,9430,38847.0,34549,37455.0,5010,4196,4641,39842,35391.0,38985,4487,4021,4079,7620,7180,8583,14795,13588,14639,47353.0,42844.0,40755.0,4960,4849,4545,40597.0,37091.0,37898.0,4226,4296,4146,7884,8954,7624,15840,17349,16756,55865.0,54244.0,42636.0,5963,5448,4184,39721.0,38629.0,39822.0,3849,4236,4352,5978,8782,6896,13123,18672,14806,42660.0,39884.0,39139.0,4265,4046,3814,40213.0,48858.0,28464.0,4295,4550,3149,7977,9666,6594,16901,19868,14694
26,260,10349,11904,11062,4458,4848,4508,366,352,363,312,369,260,346,344,349,296,338,495,292,320,286,800,732,731,688,772,612,698,813,801,650,856,993,713,752,674,10927,10885,10330,3925,3878,3685,41265.0,51006.0,39407.0,4021,4654,4128,6618,8465,7651,2986,3697,3223,9774,9256,8391,20442,19912,16201,14791,15717,15456,4938,4934,4940,13823,15582,15622,4067,4391,4449,7855,7380,8265,4843,4697,4765,23237,24678,4411,5166,51383.0,44606.0,44277.0,5050,4640,4523,26661,23011,29426,4399,4232,5011,9007,8877,6793,9133,8766,6965,37952,35876,31987,5272,4972,4400,36888,38971,34975,4846,5076,4540,7045,8223,6976,11203,11923,9640,41976.0,37210,40243.0,5218,4376,4820,42740,38604.0,41960,4655,4200,4243,8311,7822,9350,15225,13918,15090,51826.0,46515.0,44060.0,5165,5038,4706,43665.0,40219.0,40993.0,4381,4471,4306,8553,9759,8332,16359,17980,17393,60865.0,58596.0,46519.0,6179,5626,4359,42952.0,42130.0,43120.0,3998,4402,4516,6590,9580,7513,13697,19442,15399,46441.0,43455.0,42284.0,4415,4193,3948,43829.0,53675.0,31152.0,4474,4735,3285,8759,10627,7230,17631,20721,15334
27,270,10612,12144,11316,4646,5027,4692,363,350,364,311,371,262,354,345,347,295,340,497,291,320,284,820,748,739,700,789,621,703,831,810,666,874,1007,727,767,690,11236,11198,10590,4092,4051,3850,44622.0,54959.0,42727.0,4180,4830,4289,7183,9199,8399,3025,3744,3259,10586,10070,9175,21262,20626,16847,15191,16079,15803,5136,5122,5125,14152,15870,16157,4220,4545,4629,8507,8036,8990,4862,4726,4800,24121,25585,4595,5359,55671.0,48216.0,47748.0,5218,4788,4679,27768,24031,30696,4587,4397,5224,9816,9671,7440,9218,8846,7045,40128,38348,33926,5470,5179,4575,39029,40937,36923,5014,5216,4679,7737,8999,7613,11407,12187,9816,45129.0,39877,43082.0,5413,4539,5001,45725,41981.0,44986,4831,4376,4407,9048,8539,10141,15617,14251,15512,56577.0,50138.0,47523.0,5379,5230,4882,46876.0,43471.0,44115.0,4541,4653,4457,9299,10590,9074,16899,18624,17980,65858.0,62929.0,50494.0,6406,5817,4505,46225.0,45702.0,46522.0,4137,4560,4669,7228,10405,8152,14270,20224,16001,50289.0,47090.0,45528.0,4550,4351,4078,47508.0,58465.0,33918.0,4632,4893,3405,9573,11672,7915,18295,21552,15959
28,280,10871,12350,11563,4822,5225,4873,365,352,364,313,368,263,348,345,348,297,341,503,294,322,284,827,759,754,708,798,634,721,840,820,674,891,1033,744,780,697,11518,11470,10839,4281,4217,4009,48022.0,59094.0,46023.0,4324,5006,4442,7773,9939,9188,3053,3789,3301,11442,10894,10029,22073,21359,17466,15549,16402,16133,5328,5320,5334,14456,16232,16664,4375,4717,4805,9203,8722,9724,4893,4767,4845,24883,26466,4786,5561,60087.0,51863.0,51352.0,5387,4939,4832,28804,24989,31816,4770,4556,5429,10673,10492,8078,9295,8925,7125,42274,40785,35825,5657,5370,4742,41260,42858,39014,5198,5362,4836,8447,9788,8268,11609,12382,9955,48299.0,42532,45840.0,5614,4706,5166,48794,45335.0,48002,5006,4551,4560,9793,9280,10938,15971,14587,15873,61235.0,53735.0,50969.0,5575,5392,5057,50217.0,46671.0,47319.0,4694,4813,4611,10052,11447,9824,17410,19197,18550,70781.0,67194.0,54664.0,6591,5965,4672,49579.0,49215.0,50055.0,4276,4710,4837,7903,11255,8830,14817,20966,16575,54271.0,50836.0,48821.0,4695,4487,4204,51257.0,63502.0,36798.0,4787,5060,3530,10415,12755,8594,18945,22362,16558
29,290,11084,12562,11754,5001,5406,5044,365,352,364,315,369,263,347,347,350,299,342,509,300,322,285,838,768,763,726,805,650,737,856,831,681,905,1046,754,795,711,11781,11742,11044,4442,4398,4171,51425.0,63268.0,49360.0,4460,5167,4587,8370,10669,10015,3076,3821,3339,12293,11740,10906,22779,22062,18084,15875,16710,16414,5508,5504,5507,14739,16544,17122,4521,4882,4975,9887,9405,10502,4921,4790,4896,25612,27318,4959,5767,64441.0,55337.0,54871.0,5544,5054,4971,29777,25857,32873,4933,4712,5616,11527,11315,8770,9376,8981,7204,44309,43132,37583,5839,5568,4906,43477,44849,41000,5374,5517,4982,9220,10631,8946,11787,12580,10095,51425.0,45091,48632.0,5787,4862,5333,51845,48690.0,50945,5165,4717,4709,10542,10020,11752,16279,14873,16235,66055.0,57311.0,54456.0,5760,5550,5214,53572.0,49906.0,50638.0,4849,4966,4769,10811,12304,10597,17910,19702,19092,75652.0,71675.0,58860.0,6762,6129,4816,52925.0,52795.0,53466.0,4415,4843,4979,8582,12089,9514,15344,21585,17123,58364.0,54575.0,52053.0,4832,4626,4325,54997.0,68678.0,39747.0,4943,5214,3664,11290,13870,9336,19573,23130,17177
30,300,11311,12756,11982,5164,5594,5198,363,354,368,316,369,267,350,347,352,302,345,515,300,325,291,841,780,773,734,807,660,748,860,839,692,912,1069,763,796,721,12049,12000,11245,4614,4559,4316,54925.0,67413.0,52809.0,4594,5334,4724,8993,11435,10888,3109,3846,3380,13195,12607,11826,23538,22710,18687,16200,16985,16670,5687,5671,5687,14999,16859,17564,4651,5043,5138,10625,10123,11278,4951,4802,4934,26237,28116,5128,5966,69216.0,59000.0,58614.0,5711,5190,5123,30660,26707,33761,5107,4853,5791,12451,12185,9467,9457,9023,7273,46250,45444,39242,6012,5733,5052,45569,46811,42919,5538,5659,5118,9993,11495,9659,11930,12778,10216,54521.0,47693,51297.0,5960,5018,5482,54595,52160.0,53841,5287,4874,4852,11322,10778,12586,16557,15035,16549,71010.0,61010.0,58004.0,5936,5710,5382,56902.0,53149.0,53980.0,4996,5111,4917,11625,13185,11382,18368,20216,19566,80556.0,76012.0,63114.0,6928,6277,4946,56188.0,56479.0,56844.0,4527,4974,5102,9325,12924,10182,15836,22165,17571,62526.0,58414.0,55337.0,4954,4754,4442,58835.0,74047.0,42769.0,5087,5340,3766,12199,15082,10083,20135,23852,17736
31,310,11512,12932,12162,5321,5774,5370,361,351,368,314,370,268,351,347,352,304,343,516,302,327,292,848,784,788,740,818,665,751,870,843,700,927,1090,775,813,735,12296,12238,11430,4794,4737,4469,58411.0,71499.0,56179.0,4727,5478,4859,9631,12208,11783,3142,3886,3414,14117,13477,12755,24277,23249,19201,16483,17214,16846,5869,5844,5850,15229,17135,17979,4796,5196,5295,11362,10850,12054,4980,4830,4973,26791,28894,5277,6165,74135.0,62686.0,62489.0,5873,5305,5267,31439,27523,34620,5264,4996,5956,13371,13093,10193,9499,9096,7335,48176,47598,40853,6167,5888,5187,47639,48683,44746,5708,5803,5247,10794,12362,10362,12029,12926,10308,57602.0,50146,53909.0,6113,5155,5620,57125,55538.0,56559,5410,5016,4978,12121,11556,13433,16784,15275,16818,76117.0,64512.0,61476.0,6108,5837,5525,60056.0,56516.0,57131.0,5136,5261,5050,12427,14102,12187,18773,20678,20053,85603.0,80398.0,67396.0,7079,6440,5096,59556.0,60188.0,60256.0,4649,5115,5229,10038,13723,10856,16280,22624,18027,66709.0,62230.0,58607.0,5085,4885,4544,62705.0,79468.0,45773.0,5227,5455,3877,13113,16303,10850,20607,24588,18253
32,320,11724,13106,12347,5505,5956,5542,363,354,367,316,376,270,352,351,358,304,343,527,305,326,289,854,797,802,758,841,674,762,882,857,705,935,1099,787,825,745,12542,12464,11631,4958,4902,4630,61861.0,75551.0,59619.0,4852,5623,4987,10311,12967,12739,3175,3909,3466,15074,14392,13703,24988,23907,19664,16733,17468,17043,6039,6017,5997,15461,17319,18402,4932,5338,5461,12121,11609,12866,5021,4864,5018,27232,29567,5424,6348,79081.0,66549.0,66339.0,6033,5440,5420,32119,28304,35242,5402,5151,6102,14277,14014,10909,9559,9152,7388,50073,49553,42333,6349,6025,5325,49681,50311,46567,5872,5912,5388,11611,13250,11076,12101,13044,10381,60508.0,52525,56471.0,6272,5293,5758,59648,59135.0,59239,5536,5160,5103,12910,12394,14281,16992,15464,17083,81257.0,67917.0,64967.0,6260,5958,5669,63254.0,59755.0,60294.0,5260,5394,5169,13230,15001,13042,19138,21084,20505,90757.0,84926.0,71772.0,7242,6601,5210,62900.0,64008.0,63731.0,4759,5248,5366,10783,14461,11572,16681,22954,18479,70980.0,66053.0,61779.0,5211,4990,4652,66583.0,84828.0,48855.0,5364,5548,3989,14061,17617,11654,21136,25317,18776
33,330,11881,13236,12505,5656,6119,5688,361,354,369,321,374,271,353,352,353,305,348,549,304,326,292,864,803,817,768,858,683,771,899,862,716,945,1117,790,825,752,12769,12672,11776,5124,5054,4772,65306.0,79366.0,63049.0,4962,5743,5107,10984,13737,13675,3208,3946,3508,16008,15335,14558,25638,24501,19909,16977,17673,17198,6213,6173,6145,15636,17526,18797,5063,5472,5619,12904,12375,13657,5038,4904,5068,27653,30162,5570,6518,84009.0,70540.0,70237.0,6182,5581,5558,32788,28991,35855,5558,5280,6241,15209,14929,11639,9602,9193,7431,51878,51501,43762,6512,6169,5466,51612,52024,48163,6020,6058,5497,12439,14124,11780,12182,13148,10446,63385.0,54807,59042.0,6418,5413,5905,62187,62703.0,61751,5653,5295,5217,13767,13239,15112,17237,15650,17312,86356.0,71470.0,68263.0,6392,6083,5802,66253.0,63160.0,63374.0,5367,5538,5302,14006,15907,13855,19426,21498,20831,96012.0,89489.0,76090.0,7403,6745,5326,66079.0,67782.0,67151.0,4873,5359,5474,11540,15261,12309,17020,23351,18881,75329.0,69926.0,65025.0,5319,5102,4758,70457.0,90311.0,52020.0,5484,5627,4086,15091,18991,12477,21639,25958,19234
34,340,12074,13393,12668,5822,6286,5855,361,352,367,320,376,274,352,352,356,306,344,552,307,327,293,863,799,820,770,868,687,769,905,858,716,958,1127,795,831,750,12990,12877,11922,5297,5219,4914,68794.0,83288.0,66523.0,5085,5874,5220,11704,14568,14695,3245,3992,3558,16962,16331,15484,26247,25071,20235,17243,17872,17348,6385,6336,6304,15832,17728,19191,5187,5608,5761,13701,13209,14466,5080,4940,5104,28063,30667,5713,6687,88919.0,74656.0,74082.0,6307,5709,5679,33329,29598,36374,5701,5410,6384,16159,15834,12365,9635,9231,7480,53698,53402,45171,6668,6299,5583,53472,53653,49827,6177,6196,5619,13318,14990,12467,12252,13196,10482,66453.0,57098,61424.0,6577,5535,6026,64164,66283.0,64165,5730,5419,5323,14648,14151,15980,17470,15834,17505,91455.0,75041.0,71587.0,6501,6214,5923,69144.0,66578.0,66452.0,5481,5675,5406,14813,16817,14682,19711,21837,21192,,93900.0,80377.0,7540,6880,5423,69196.0,71579.0,70635.0,4967,5469,5603,12275,16104,13020,17283,23782,19321,79708.0,73750.0,68071.0,5423,5216,4841,74266.0,95548.0,55129.0,5595,5673,4181,16114,20387,13290,22072,26511,19633
35,350,12222,13478,12813,5975,6432,6000,359,353,365,321,376,275,350,353,350,308,345,534,312,329,295,863,802,827,777,883,699,770,916,858,726,967,1117,802,846,759,13173,13053,12054,5450,5358,5045,72243.0,87052.0,69820.0,5183,5987,5332,12372,15307,15676,3275,4015,3596,17875,17330,16447,26768,25664,20535,17451,18046,17469,6545,6485,6434,16002,17907,19537,5319,5738,5900,14501,13990,15242,5111,4967,5129,28454,31189,5865,6835,93542.0,78670.0,77926.0,6423,5850,5812,33837,30223,36986,5822,5536,6544,17102,16741,13120,9689,9281,7525,55405,55251,46400,6831,6444,5711,55248,55118,51438,6315,6313,5743,14197,15905,13134,12311,13291,10520,69362.0,59216,63780.0,6712,5646,6151,66592,69709.0,66455,5842,5523,5435,15579,15066,16752,17684,15997,17624,96473.0,78523.0,74720.0,6610,6333,6040,72117.0,69753.0,69394.0,5594,5798,5520,15599,17721,15501,19938,22138,21482,,,84289.0,7685,7032,5492,72089.0,75408.0,74028.0,5057,5584,5716,13042,16993,13702,17534,24222,19589,84187.0,77602.0,71082.0,5524,5299,4926,78044.0,,58244.0,5690,5724,4263,17224,21825,14148,22476,26996,20040
36,360,12378,13541,12957,6125,6548,6164,360,351,364,323,376,274,350,355,352,309,348,538,315,332,294,859,811,826,777,888,708,774,924,857,721,975,1123,819,857,770,13381,13225,12199,5605,5514,5199,75794.0,90559.0,72998.0,5281,6072,5413,13101,16135,16697,3316,4050,3626,18853,18348,17449,27288,26189,20788,17633,18226,17585,6699,6638,6570,16182,18062,19883,5432,5864,6032,15327,14822,16007,5140,4998,5158,28743,31657,5976,7006,,82696.0,81555.0,6536,5955,5931,34219,30850,37502,5952,5662,6664,18048,17625,13834,9732,9293,7589,56867,56996,47563,6983,6568,5820,56880,56632,52796,6463,6439,5845,15036,16760,13765,12291,13339,10542,72291.0,61080,66118.0,6851,5749,6272,69116,73115.0,68537,5982,5601,5501,16517,15954,17569,17870,16065,17750,,81979.0,77993.0,6681,6440,6145,74947.0,73079.0,72210.0,5700,5916,5597,16365,18592,16345,20124,22418,21772,,,88147.0,7832,7159,5540,75078.0,79083.0,77176.0,5135,5679,5796,13861,17893,14422,17798,24633,19900,88531.0,81392.0,74186.0,5605,5391,5011,81651.0,,61282.0,5766,5760,4337,18278,23312,14973,22838,27436,20380
37,370,12498,13556,13079,6276,6674,6290,361,350,367,324,377,277,355,361,353,311,348,537,313,332,295,875,820,822,788,895,716,785,936,866,721,990,1131,835,871,781,13540,13334,12292,5759,5649,5320,79163.0,93810.0,75952.0,5387,6154,5473,13792,16928,17693,3344,4090,3665,19785,19376,18419,27848,26705,21003,17763,18342,17627,6810,6767,6687,16339,18204,20164,5551,5993,6165,16118,15627,16733,5175,5034,5196,28943,32054,6085,7145,,86675.0,85092.0,6632,6068,6023,34498,31356,37871,6051,5781,6783,18978,18554,14546,9751,9335,7618,58411,58748,48608,7121,6687,5923,58449,57969,54096,6582,6552,5946,15896,17613,14408,12307,13354,10549,74970.0,62788,68342.0,6983,5825,6390,71549,76322.0,70366,6107,5663,5574,17467,16851,18351,18000,16096,17847,,85467.0,81051.0,6740,6539,6254,77651.0,76193.0,74796.0,5797,6015,5675,17144,19465,17197,20310,22620,22038,,,91995.0,7961,7254,5587,77967.0,82740.0,80430.0,5214,5750,5882,14721,18679,15109,18077,24959,20181,92342.0,85264.0,76927.0,5647,5472,5078,84987.0,,64192.0,5832,5780,4390,19416,24819,15821,23133,27809,20650
38,380,12618,13620,13191,6409,6800,6436,364,351,368,323,377,278,356,361,356,312,350,532,315,337,298,889,828,832,799,907,730,800,956,881,734,999,1143,844,878,794,13707,13483,12396,5905,5786,5444,82453.0,96661.0,78778.0,5453,6203,5519,14478,17707,18706,3368,4127,3695,20750,20379,19464,28340,27113,21172,17905,18460,17693,6948,6897,6799,16470,18331,20406,5670,6105,6264,16955,16477,17463,5208,5068,5212,29098,32413,6198,7271,,90557.0,88545.0,6717,6167,6087,34815,31802,38229,6152,5885,6912,19895,19426,15261,9763,9336,7651,59799,60390,49654,7259,6803,6034,59927,59093,55466,6706,6657,6048,16830,18481,14965,12325,13403,10558,77610.0,64465,70579.0,7094,5905,6501,73881,79400.0,72167,6209,5708,5644,18418,17800,19146,18161,16195,17937,,88857.0,83814.0,6771,6629,6331,80205.0,79124.0,77224.0,5885,6098,5733,17924,20328,18023,20423,22853,22226,,,95577.0,8075,7340,5614,80750.0,86281.0,83708.0,5280,5817,5974,15609,19590,15800,18300,25225,20360,96290.0,89126.0,79739.0,5682,5538,5141,88369.0,,67059.0,5868,5775,4442,20577,26329,16675,23403,28100,20880
39,390,12741,13691,13299,6525,6911,6563,366,353,370,328,373,278,358,363,358,316,347,542,318,336,299,902,836,848,806,910,737,801,969,889,740,1000,1151,853,888,797,13844,13590,12492,6040,5890,5553,85727.0,,81642.0,5523,6238,5570,15193,18487,19726,3404,4150,3723,21733,21419,20506,28780,27489,21287,18055,18565,17756,7066,7013,6913,16629,18470,20715,5778,6221,6367,17817,17335,18209,5234,5084,5223,29264,32663,6293,7392,,94530.0,91747.0,6786,6252,6155,35013,32198,38534,6246,5989,7027,20795,20304,15939,9764,9348,7651,61139,62026,50556,7371,6894,6124,61360,60181,56802,6829,6758,6142,17760,19362,15552,12346,13442,10557,80070.0,65994,72728.0,7173,5984,6608,76071,82361.0,73854,6303,5742,5693,19397,18831,19943,18271,16253,18005,,91987.0,86805.0,6785,6694,6411,82767.0,82303.0,79307.0,5946,6188,5763,18673,21246,18857,20548,23053,22386,,,,8149,7431,5622,83468.0,89772.0,86805.0,5332,5869,6040,16534,20464,16494,18517,25535,20579,,92886.0,82677.0,5717,5598,5194,91683.0,,69941.0,5922,5769,4483,21778,27850,17535,23645,28327,21048
40,400,12861,13754,13400,6655,7039,6689,368,351,368,325,374,279,350,366,356,317,344,544,321,337,296,913,845,858,814,923,741,807,976,902,752,1009,1162,862,894,799,13994,13702,12578,6160,6002,5677,88872.0,,84248.0,5586,6287,5591,15932,19277,20711,3426,4176,3728,22688,22521,21564,29160,27879,21407,18151,18671,17846,7188,7140,7036,16755,18597,20994,5880,6333,6457,18643,18203,18862,5264,5111,5230,29393,32980,6394,7499,,,94769.0,6825,6318,6199,35282,32661,38813,6323,6080,7121,21682,21152,16537,9771,9377,7649,62424,63590,51452,7499,6987,6224,62575,61297,58108,6938,6853,6245,18634,20203,16064,12334,13450,10545,82419.0,67548,74817.0,7260,6057,6719,78194,85255.0,75259,6405,5779,5728,20373,19863,20727,18350,16329,18061,,95162.0,89723.0,6779,6755,6485,85035.0,85139.0,81629.0,6013,6254,5812,19447,22158,19647,20602,23244,22483,,,,8222,7517,5649,86027.0,93302.0,89871.0,5378,5915,6089,17477,21340,17224,18676,25785,20803,,96622.0,85361.0,5710,5662,5238,94933.0,,72750.0,5940,5767,4511,22994,29374,18414,23812,28483,21245
41,410,12959,13780,13484,6778,7142,6792,364,350,367,327,377,278,356,361,357,318,345,549,323,337,293,918,845,862,822,918,738,820,986,899,759,1010,1178,864,897,803,14141,13818,12670,6283,6105,5777,91825.0,,86536.0,5612,6306,5597,16652,20052,21656,3458,4210,3749,23680,23584,22606,29568,28186,21477,18256,18810,17941,7285,7226,7131,16879,18720,21254,5967,6421,6520,19483,19043,19520,5282,5122,5240,29504,33219,6467,7589,,,97480.0,6875,6383,6220,35462,33058,39076,6406,6181,7225,22577,22045,17097,9794,9396,7619,63623,65069,52240,7618,7063,6314,63756,62378,59251,7031,6937,6327,19576,21010,16562,12347,13460,10529,84764.0,68978,76723.0,7348,6116,6809,80015,87985.0,76472,6465,5776,5737,21310,20859,21428,18419,16354,18069,,,92454.0,6786,6791,6544,87214.0,87475.0,83799.0,6063,6280,5852,20237,23048,20407,20687,23396,22502,,,,8256,7576,5650,88439.0,96587.0,92810.0,5407,5946,6146,18408,22230,17923,18808,26006,20940,,,87842.0,5731,5708,5266,,,75445.0,5963,5763,4539,24191,30915,19281,23927,28593,21358
42,420,13069,13844,13572,6884,7255,6905,365,351,366,327,373,279,356,363,356,322,341,549,323,336,298,924,849,868,827,925,743,822,993,910,770,1006,1182,872,904,809,14253,13927,12748,6384,6208,5881,94767.0,,88681.0,5650,6325,5606,17363,20786,22577,3478,4217,3754,24659,24702,23650,29919,28509,21537,18368,18930,17998,7389,7340,7223,16963,18833,21478,6052,6541,6602,20361,19882,20172,5311,5155,5251,29532,33465,6541,7688,,,,6881,6425,6237,35655,33395,39288,6483,6260,7304,23516,22917,17663,9800,9400,7602,64714,66293,53026,7711,7101,6391,64896,63142,60360,7124,7017,6404,20554,21817,17001,12358,13456,10508,86807.0,70174,78602.0,7393,6171,6901,81768,90454.0,77656,6539,5783,5758,22293,21898,22166,18457,16364,18053,,,94482.0,6763,6843,6539,89342.0,89990.0,85975.0,6102,6315,5877,21008,23791,21195,20731,23377,22563,,,,8243,7623,5656,90752.0,,95720.0,5440,5924,6193,19365,23107,18592,18897,26170,21053,,,90386.0,5751,5739,5295,,,78182.0,5976,5744,4567,25369,32392,20119,24045,28750,21436
43,430,13157,13887,13670,7007,7373,7005,366,351,365,329,375,276,358,364,362,321,343,549,320,336,297,933,853,875,839,929,740,826,999,920,777,1009,1186,872,913,812,14370,14045,12833,6487,6290,5972,97572.0,,90789.0,5684,6350,5601,18112,21536,23503,3503,4254,3757,25671,25772,24764,30264,28777,21631,18469,18970,18057,7478,7439,7342,17037,18930,21722,6142,6620,6658,21215,20748,20776,5335,5178,5263,29606,33666,6607,7767,,,,6905,6451,6252,35858,33708,39428,6556,6339,7396,24410,23727,18187,9810,9399,7581,65619,67489,53670,7795,7139,6463,65981,63820,61330,7218,7072,6463,21477,22564,17376,12362,13457,10479,88441.0,71511,80321.0,7411,6233,6975,83471,92972.0,78674,6593,5784,5772,23233,22947,22826,18476,16353,18036,,,96498.0,6763,6870,6549,91308.0,92148.0,88095.0,6144,6328,5913,21722,24585,22026,20701,23399,22657,,,,8200,7660,5668,92967.0,,,5471,5926,6220,20324,23980,19242,19001,26365,21124,,,92605.0,5760,5762,5312,,,80729.0,6000,5734,4579,26553,33848,20987,24085,28847,21527
44,440,13231,13934,13742,7097,7481,7104,364,347,364,327,373,278,356,363,360,323,344,558,325,337,295,941,848,881,833,937,743,833,1002,933,781,1009,1194,876,913,817,14478,14139,12909,6572,6363,6060,,,93021.0,5702,6328,5612,18823,22270,24392,3536,4284,3765,26729,26845,25756,30592,28963,21637,18579,19078,18144,7560,7519,7446,17125,18973,21924,6217,6695,6712,22112,21577,21457,5368,5188,5275,29671,33877,6663,7846,,,,6921,6456,6255,36030,34079,39614,6629,6423,7463,25268,24502,18707,9836,9406,7571,66601,68682,54235,7880,7181,6517,66809,64226,62211,7278,7099,6533,22378,23315,17743,12350,13465,10461,90115.0,72806,82056.0,7440,6279,7045,85056,95448.0,79229,6642,5790,5753,24171,23924,23452,18465,16318,17962,,,,6759,6896,6567,93119.0,94192.0,90025.0,6170,6338,5931,22420,25377,22924,20671,23451,22789,,,,8161,7696,5677,94950.0,,,5492,5918,6245,21279,24817,19901,19062,26463,21214,,,94917.0,5755,5777,5315,,,83214.0,5996,5707,4590,27665,35256,21830,24131,28902,21542
45,450,13298,14000,13806,7194,7590,7190,364,347,367,325,375,276,358,365,358,325,344,563,325,336,297,943,854,887,840,942,746,837,1004,939,790,1019,1207,886,920,819,14554,14206,12968,6623,6428,6134,,,95110.0,5726,6328,5630,19578,23042,25231,3568,4312,3769,27730,27957,26726,30877,29133,21663,18648,19142,18187,7638,7585,7543,17194,18963,22165,6281,6740,6743,22995,22356,22022,5390,5185,5279,29688,34124,6710,7913,,,,6920,6467,6248,36165,34400,39723,6670,6495,7522,26100,25245,19237,9829,9381,7576,67479,69696,54744,7955,7195,6570,67663,64674,63136,7340,7137,6573,23279,24038,18073,12337,13453,10437,91839.0,73995,83569.0,7458,6317,7111,86546,,79833,6688,5779,5745,25041,24916,24104,18379,16288,17926,,,,6741,6893,6571,94756.0,96025.0,91961.0,6184,6322,5954,23103,26200,23805,20633,23482,22866,,,,8141,7683,5678,96707.0,,,5503,5939,6259,22200,25658,20516,19095,26563,21221,,,96908.0,5744,5790,5321,,,85544.0,6002,5696,4599,28786,36509,22638,24161,28835,21537
46,460,13373,14062,13895,7284,7688,7273,366,350,366,327,375,277,355,363,362,323,342,563,328,334,299,951,863,898,846,941,750,837,1008,947,791,1019,1204,890,921,828,14655,14286,13060,6698,6482,6205,,,97240.0,5744,6319,5634,20338,23817,26096,3601,4349,3772,28743,29060,27651,31080,29251,21671,18711,19175,18275,7703,7651,7630,17240,18948,22315,6349,6786,6785,23851,23109,22574,5411,5183,5291,29686,34318,6756,7963,,,,6911,6484,6236,36250,34713,39764,6737,6555,7570,26895,25975,19768,9819,9387,7592,68241,70679,55280,8021,7217,6613,68397,65249,63931,7389,7200,6628,24071,24734,18324,12283,13454,10401,93671.0,75084,85064.0,7485,6358,7170,87763,,80444,6715,5775,5746,25969,25931,24763,18343,16250,17922,,,,6737,6911,6594,96396.0,,93714.0,6194,6307,5962,23817,26970,24712,20573,23469,22943,,,,8129,7679,5669,,,,5504,5943,6262,23079,26480,21088,19133,26643,21225,,,,5744,5800,5325,,,87759.0,5994,5691,4594,29818,37642,23459,24175,28770,21546
47,470,13437,14092,13931,7354,7778,7338,368,347,363,330,374,278,356,364,364,327,343,571,329,337,299,951,865,893,853,950,756,846,1013,951,796,1025,1217,891,919,832,14719,14364,13104,6737,6526,6271,,,,5750,6316,5644,21080,24559,26852,3620,4368,3768,29710,30166,28565,31255,29327,21661,18758,19222,18301,7759,7707,7715,17284,18898,22449,6389,6815,6819,24685,23863,23137,5433,5170,5304,29737,34540,6801,8028,,,,6898,6477,6223,36332,34967,39819,6752,6612,7629,27739,26652,20262,9821,9380,7582,68825,71555,55671,8042,7229,6662,68967,65759,64570,7427,7252,6648,24809,25346,18566,12220,13435,10380,95308.0,76122,86301.0,7500,6385,7187,88961,,80938,6756,5769,5726,26934,26859,25358,18306,16216,17841,,,,6720,6911,6586,97574.0,,95262.0,6197,6318,5964,24544,27716,25586,20570,23459,22975,,,,8102,7651,5684,,,,5508,5929,6247,23947,27326,21664,19139,26707,21185,,,,5743,5803,5307,,,89643.0,5970,5676,4612,30846,38761,24279,24189,28742,21568
48,480,13499,14109,14001,7425,7844,7393,365,348,360,329,374,277,358,365,363,328,342,590,331,334,299,966,876,897,863,955,760,841,1017,959,793,1028,1235,893,926,833,14788,14452,13154,6782,6567,6319,,,,5754,6323,5646,21796,25283,27569,3655,4405,3762,30642,31101,29417,31323,29276,21687,18805,19266,18348,7798,7749,7792,17301,18829,22563,6428,6830,6841,25535,24608,23694,5456,5189,5317,29804,34709,6840,8070,,,,6901,6445,6208,36374,35219,39901,6791,6658,7664,28524,27371,20740,9828,9386,7589,69511,72392,56128,8081,7244,6695,69329,66422,65070,7438,7306,6672,25527,25980,18756,12161,13400,10350,96941.0,77080,87543.0,7492,6405,7246,90039,,81412,6759,5734,5727,27887,27794,25907,18284,16199,17782,,,,6703,6887,6579,,,96847.0,6193,6316,5977,25276,28454,26390,20559,23445,22964,,,,8070,7641,5683,,,,5504,5916,6255,24737,28150,22201,19133,26742,21162,,,,5732,5789,5307,,,91624.0,5962,5661,4615,31754,39643,25060,24204,28574,21558
49,490,13561,14142,14057,7494,7917,7453,366,347,360,330,370,280,355,364,362,329,340,597,331,338,297,967,874,900,864,962,768,851,1024,967,805,1029,1241,898,931,841,14845,14512,13222,6805,6611,6357,,,,5752,6311,5662,22506,26050,28273,3673,4429,3759,31521,32075,30149,31315,29241,21638,18839,19298,18414,7825,7788,7863,17337,18766,22655,6466,6836,6853,26402,25395,24219,5474,5189,5318,29823,34850,6868,8096,,,,6887,6431,6188,36459,35421,39957,6800,6691,7678,29330,27994,21159,9836,9357,7582,70146,73082,56522,8134,7256,6721,69808,66928,65459,7457,7355,6668,26212,26503,18909,12103,13351,10302,,78013,88774.0,7467,6424,7257,90979,,81932,6771,5709,5730,28855,28708,26460,18266,16180,17714,,,,6702,6882,6582,,,,6188,6292,5979,25991,29145,27227,20527,23391,22959,,,,8051,7638,5671,,,,5487,5928,6250,25437,28934,22678,19100,26774,21111,,,,5717,5803,5312,,,93480.0,5954,5639,4616,32703,40431,25800,24204,28389,21567
50,500,13618,14169,14103,7552,8005,7489,364,348,359,330,370,279,353,367,365,323,338,595,329,337,298,966,874,903,878,963,768,852,1027,976,803,1036,1243,906,933,843,14915,14588,13255,6826,6634,6409,,,,5748,6307,5654,23186,26728,28856,3687,4451,3764,32438,33028,30817,31333,29251,21603,18892,19316,18442,7852,7823,7932,17348,18772,22773,6494,6884,6870,27214,26141,24706,5480,5185,5327,29882,35031,6901,8135,,,,6865,6435,6183,36408,35612,39976,6810,6719,7714,30061,28487,21496,9837,9317,7580,70619,73696,56809,8157,7257,6746,70205,67464,65876,7454,7390,6668,26858,26925,19051,12034,13270,10273,,78797,89850.0,7473,6440,7273,91838,,82364,6779,5665,5733,29822,29529,26968,18243,16163,17649,,,,6677,6862,6584,,,,6187,6300,5967,26738,29852,28013,20502,23327,22930,,,,8036,7634,5663,,,,5467,5924,6233,26058,29682,23141,19040,26781,21026,,,,5702,5792,5308,,,95066.0,5958,5630,4614,33572,41230,26488,24180,28295,21574
51,510,13682,14232,14175,7625,8056,7535,361,344,357,330,371,281,354,364,366,330,338,594,332,339,297,966,885,912,884,970,769,855,1029,979,802,1037,1246,906,937,847,14965,14657,13313,6838,6663,6439,,,,5752,6298,5656,23931,27450,29458,3714,4477,3765,33375,34026,31381,31396,29233,21514,18919,19320,18481,7872,7826,7983,17372,18765,22844,6520,6903,6881,28056,26856,25165,5504,5179,5333,29912,35179,6923,8156,,,,6842,6419,6185,36380,35811,40009,6808,6752,7754,30802,28946,21856,9813,9267,7568,71112,74238,57136,8168,7255,6762,70602,67933,66294,7487,7440,6677,27559,27326,19168,12009,13249,10259,,79362,90852.0,7466,6445,7297,92612,,82673,6791,5641,5720,30727,30313,27531,18198,16119,17616,,,,6645,6851,6583,,,,6189,6267,5971,27415,30499,28814,20450,23236,22850,,,,8007,7627,5657,,,,5470,5922,6229,26680,30454,23591,18981,26798,20967,,,,5684,5779,5306,,,96671.0,5946,5602,4609,34324,42030,27129,24157,28181,21588
52,520,13771,14265,14224,7673,8121,7563,362,345,357,329,370,282,353,363,365,329,342,603,335,335,297,972,887,908,880,967,780,857,1030,979,813,1040,1256,914,942,851,15002,14695,13363,6852,6668,6464,,,,5753,6293,5665,24613,28078,29937,3734,4492,3760,34282,34961,31838,31342,29282,21399,18897,19348,18496,7891,7874,8033,17396,18812,22901,6553,6935,6874,28869,27551,25600,5515,5179,5335,29939,35323,6955,8175,,,,6821,6402,6189,36343,35988,40072,6815,6782,7755,31442,29345,22179,9821,9219,7566,71545,74620,57395,8180,7246,6776,71019,68403,66547,7484,7469,6666,28112,27760,19271,11960,13202,10213,,79882,91825.0,7467,6424,7306,93189,,82779,6789,5598,5723,31501,30975,27977,18122,16067,17557,,,,6637,6822,6580,,,,6180,6274,5979,27925,31137,29502,20299,23175,22779,,,,7972,7640,5653,,,,5458,5925,6223,27269,31175,24067,18974,26787,20945,,,,5669,5775,5308,,,,5931,5579,4603,34995,42746,27729,24087,28070,21567
53,530,13812,14268,14264,7727,8173,7609,362,342,354,331,370,280,354,362,366,331,341,602,332,336,302,974,894,911,884,973,786,865,1037,983,807,1049,1260,920,940,854,15038,14717,13382,6862,6675,6490,,,,5760,6284,5655,25244,28727,30372,3756,4515,3760,35173,35886,32266,31379,29299,21283,18924,19341,18511,7892,7872,8075,17452,18830,22930,6573,6952,6870,29612,28237,25962,5516,5175,5334,29954,35446,6961,8193,,,,6800,6402,6182,36273,36077,40095,6810,6789,7782,31976,29749,22454,9788,9173,7543,71850,75033,57641,8182,7244,6779,71411,68858,66994,7512,7501,6680,28683,28153,19394,11923,13186,10210,,80332,92658.0,7479,6413,7308,93673,,82831,6789,5565,5697,32187,31630,28413,18000,16026,17480,,,,6610,6802,6554,,,,6168,6261,5983,28507,31783,30265,20228,23127,22714,,,,7947,7629,5648,,,,5443,5910,6228,27833,31858,24513,18972,26712,20915,,,,5647,5752,5306,,,,5921,5550,4598,35579,43326,28264,23998,27916,21541
54,540,13850,14284,14300,7749,8207,7633,355,343,349,331,368,282,353,364,366,332,340,608,336,337,299,973,892,905,891,972,792,870,1033,989,814,1051,1264,922,942,860,15073,14744,13402,6859,6676,6497,,,,5743,6261,5658,25904,29289,30755,3767,4524,3762,36073,36700,32649,31408,29272,21154,18952,19331,18504,7896,7871,8086,17452,18797,22947,6580,6970,6873,30368,28906,26295,5514,5160,5340,29950,35548,6979,8207,,,,6778,6383,6178,36263,36115,40083,6814,6784,7790,32474,30156,22705,9736,9176,7536,72100,75425,57804,8167,7241,6788,71672,69135,67117,7493,7508,6661,29211,28503,19407,11875,13143,10148,,80663,93432.0,7472,6391,7304,94128,,82791,6770,5543,5688,32855,32159,28797,17917,15961,17420,,,,6605,6794,6562,,,,6167,6255,5976,29026,32296,30978,20127,22967,22655,,,,7919,7610,5635,,,,5422,5896,6216,28346,32380,24932,18944,26570,20858,,,,5624,5727,5295,,,,5911,5529,4580,36090,43817,28741,23914,27750,21511
55,550,13865,14313,14342,7778,8236,7644,354,344,349,331,366,282,352,361,367,330,342,612,337,333,300,979,897,909,891,967,798,875,1041,995,818,1063,1272,924,953,867,15100,14772,13437,6868,6685,6521,,,,5751,6253,5644,26514,29852,31089,3778,4536,3754,36946,37471,33026,31409,29252,21089,19005,19345,18500,7913,7870,8108,17460,18830,22967,6602,6981,6850,31037,29577,26601,5503,5155,5333,29949,35662,6975,8230,,,,6751,6386,6184,36211,36139,40041,6817,6785,7792,32867,30552,22952,9663,9150,7541,72317,75717,57999,8173,7242,6791,71914,69439,67228,7493,7534,6639,29649,28807,19459,11830,13120,10124,,81159,94133.0,7464,6389,7303,94547,,82839,6768,5518,5667,33485,32611,29176,17841,15899,17354,,,,6584,6774,6536,,,,6154,6246,5978,29337,32752,31603,19960,22854,22540,,,,7903,7594,5625,,,,5424,5884,6219,28819,32842,25306,18924,26448,20821,,,,5617,5700,5297,,,,5907,5522,4579,36568,44259,29196,23809,27611,21496
56,560,13902,14328,14357,7809,8269,7656,357,342,345,326,364,283,355,365,367,331,341,616,335,336,301,980,899,905,884,974,799,879,1054,1003,820,1063,1265,929,952,875,15117,14801,13445,6864,6687,6522,,,,5729,6254,5632,27107,30384,31360,3784,4553,3752,37790,38166,33404,31398,29190,21023,18997,19351,18520,7918,7888,8141,17477,18826,22977,6608,7001,6857,31663,30162,26855,5484,5150,5346,29949,35708,6982,8229,,,,6731,6375,6175,36148,36189,40012,6815,6770,7798,33199,30868,23172,9613,9114,7523,72394,75966,58053,8161,7232,6799,72054,69672,67331,7477,7550,6631,29985,29009,19492,11790,13043,10103,,81584,94811.0,7457,6387,7318,94626,,82829,6756,5489,5672,34023,33055,29492,17778,15830,17310,,,,6563,6762,6506,,,,6149,6220,5992,29741,33204,32114,19865,22757,22393,,,,7885,7590,5626,,,,5439,5866,6221,29192,33248,25674,18902,26287,20772,,,,5608,5680,5284,,,,5891,5505,4568,36952,44716,29586,23723,27524,21477
57,570,13935,14311,14388,7845,8305,7685,356,342,342,327,365,284,353,365,369,335,341,607,338,336,301,987,907,908,884,981,813,885,1056,998,820,1068,1270,935,964,875,15140,14822,13449,6871,6699,6536,,,,5724,6241,5630,27680,30894,31590,3804,4570,3743,38655,38839,33743,31480,29167,21020,19051,19340,18500,7928,7876,8146,17483,18841,23020,6620,7027,6859,32335,30730,27126,5488,5147,5340,29929,35767,6983,8260,,,,6716,6366,6175,36139,36247,40057,6804,6793,7809,33690,31233,23366,9594,9113,7526,72612,76197,58186,8154,7236,6793,72236,70071,67456,7481,7563,6623,30282,29168,19521,11712,12981,10075,,82020,95513.0,7431,6372,7301,94409,,82840,6704,5468,5661,34535,33435,29822,17693,15763,17242,,,,6547,6739,6494,,,,6154,6214,5978,30139,33567,32661,19771,22635,22302,,,,7860,7581,5623,,,,5436,5856,6217,29586,33629,25992,18861,26112,20750,,,,5601,5672,5273,,,,5872,5479,4569,37354,45159,29957,23638,27384,21446
58,580,13982,14344,14417,7865,8312,7696,355,341,343,324,366,284,356,366,366,333,342,614,336,334,300,994,906,907,880,987,815,892,1062,1010,827,1077,1269,941,966,884,15130,14832,13466,6865,6701,6528,,,,5725,6257,5613,28245,31415,31796,3817,4591,3742,39387,39443,34036,31440,29114,20963,19083,19362,18497,7936,7888,8169,17485,18863,23017,6615,7040,6865,33001,31217,27334,5497,5136,5341,29916,35829,6989,8245,,,,6708,6349,6178,36026,36295,40020,6797,6790,7801,34055,31475,23523,9559,9080,7524,72786,76383,58259,8163,7243,6789,72415,70241,67617,7484,7579,6624,30529,29357,19550,11671,12923,10041,,82434,95827.0,7401,6375,7283,94160,,82841,6665,5439,5654,35017,33727,30016,17642,15706,17197,,,,6509,6741,6486,,,,6133,6199,5985,30497,33852,33206,19708,22513,22268,,,,7843,7567,5615,,,,5435,5838,6212,29927,34040,26278,18834,26104,20737,,,,5597,5666,5274,,,,5865,5468,4571,37686,45491,30221,23550,27338,21412
59,590,13967,14339,14435,7885,8349,7711,355,340,342,321,367,286,354,365,368,334,343,611,341,336,300,1000,907,913,877,986,816,894,1062,1008,827,1078,1270,945,970,883,15110,14808,13495,6857,6705,6545,,,,5712,6245,5590,28754,31818,31960,3828,4586,3743,40142,40017,34267,31455,29090,20879,19104,19339,18504,7943,7894,8174,17487,18863,23037,6617,7044,6857,33581,31668,27549,5484,5126,5328,29906,35851,6992,8262,,,,6695,6335,6171,35912,36334,39991,6780,6796,7810,34455,31708,23679,9527,9049,7507,72983,76510,58247,8160,7228,6789,72592,70419,67598,7477,7587,6604,30761,29452,19533,11618,12844,9997,,82743,96191.0,7395,6365,7272,94120,,82689,6638,5410,5643,35492,34038,30232,17576,15611,17110,,,,6459,6707,6456,,,,6129,6175,5958,30801,34197,33705,19658,22419,22198,,,,7831,7540,5591,,,,5427,5831,6188,30193,34367,26527,18804,26054,20691,,,,5591,5647,5264,,,,5850,5442,4555,37944,45857,30513,23468,27238,21334
60,600,13983,14353,14421,7893,8372,7723,355,337,341,320,364,285,353,366,369,336,339,614,337,336,300,1001,904,916,869,989,821,894,1068,1014,833,1076,1275,948,970,887,15102,14814,13462,6864,6706,6538,,,,5706,6242,5583,29211,32187,32020,3826,4606,3730,40785,40522,34465,31464,29050,20833,19074,19333,18457,7932,7889,8171,17478,18844,23023,6624,7050,6846,34154,32071,27711,5490,5115,5324,29876,35852,6998,8265,,,,6687,6321,6175,35836,36324,39888,6776,6804,7789,34744,31883,23772,9500,9013,7497,73067,76483,58269,8172,7216,6788,72734,70551,67602,7487,7595,6599,30930,29534,19522,11588,12811,9971,,82814,96547.0,7384,6344,7282,94231,,82630,6638,5405,5641,35906,34200,30417,17533,15528,17094,,,,6424,6672,6449,,,,6104,6181,5945,31044,34454,34160,19615,22341,22156,,,,7819,7513,5581,,,,5420,5826,6185,30462,34765,26727,18786,25972,20660,,,,5601,5635,5260,,,,5850,5434,4566,38239,46132,30688,23417,27151,21284
61,610,13979,14359,14432,7908,8387,7723,354,334,340,321,363,285,352,363,370,334,337,620,339,334,302,1010,909,920,869,991,826,905,1063,1019,836,1083,1282,949,974,892,15123,14815,13485,6859,6696,6534,,,,5694,6238,5585,29710,32619,32178,3824,4601,3723,41474,40938,34675,31468,28969,20765,19081,19321,18447,7936,7881,8179,17477,18853,23035,6621,7056,6835,34673,32480,27828,5467,5111,5326,29855,35858,6988,8258,,,,6674,6300,6159,35798,36262,39829,6775,6780,7763,34986,32015,23905,9454,8978,7480,73035,76459,58216,8148,7189,6778,72840,70656,67644,7478,7606,6611,31158,29583,19520,11553,12727,9936,,82830,96906.0,7363,6327,7274,94157,,82504,6626,5366,5622,36256,34345,30558,17474,15456,17050,,,,6391,6659,6441,,,,6113,6161,5944,31359,34710,34580,19539,22255,22101,,,,7807,7466,5570,,,,5428,5818,6177,30646,35052,26928,18750,25899,20637,,,,5583,5622,5257,,,,5838,5403,4555,38444,46405,30835,23346,27099,21220
62,620,13990,14375,14441,7932,8403,7748,352,338,339,321,360,285,353,363,369,335,339,618,337,336,301,1010,917,928,875,986,829,909,1060,1027,843,1081,1281,950,979,897,15102,14776,13481,6858,6684,6546,,,,5688,6240,5579,30102,32920,32251,3844,4610,3728,42046,41210,34808,31496,28809,20716,19062,19315,18427,7940,7888,8202,17463,18844,23002,6630,7068,6838,35145,32821,27964,5470,5105,5305,29800,35827,6996,8255,,,,6653,6289,6155,35733,36226,39791,6758,6777,7780,35225,32146,23970,9431,8947,7478,72976,76347,58167,8143,7168,6775,72874,70669,67749,7486,7602,6611,31294,29565,19503,11526,12646,9932,,82860,97181.0,7357,6318,7272,94013,,82389,6594,5350,5625,36587,34500,30703,17420,15396,17008,,,,6358,6641,6435,,,,6104,6144,5923,31578,34941,34940,19490,22195,22017,,,,7798,7444,5561,,,,5419,5825,6158,30836,35258,27067,18715,25822,20590,,,,5578,5613,5251,,,,5838,5387,4562,38667,46636,30994,23269,27029,21160
63,630,14000,14379,14436,7947,8415,7755,351,335,343,322,359,287,355,363,371,332,339,614,337,336,298,1015,920,934,872,983,827,907,1063,1025,845,1084,1278,951,983,897,15099,14728,13475,6864,6670,6544,,,,5677,6235,5555,30508,33221,32337,3848,4617,3731,42606,41455,34964,31489,28675,20676,19044,19280,18418,7925,7878,8195,17473,18854,22980,6634,7073,6816,35571,33175,28111,5460,5110,5303,29739,35786,6987,8248,,,,6644,6286,6139,35691,36186,39726,6759,6767,7779,35485,32259,24068,9407,8924,7471,72807,76210,58121,8114,7156,6778,72850,70602,67814,7469,7602,6605,31410,29611,19490,11506,12620,9914,,82839,97388.0,7343,6306,7262,94080,,82230,6584,5333,5599,36795,34683,30768,17333,15315,16921,,,,6337,6627,6420,,,,6089,6134,5926,31807,35218,35280,19435,22143,21947,,,,7777,7437,5537,,,,5420,5801,6143,30985,35442,27207,18662,25704,20525,,,,5571,5594,5256,,,,5837,5369,4556,38727,46687,31103,23164,26905,21102
64,640,14004,14386,14431,7964,8444,7766,349,335,340,319,358,285,353,364,367,337,340,627,336,337,298,1022,918,939,875,985,834,911,1069,1035,856,1088,1291,941,988,900,15077,14710,13467,6865,6673,6553,,,,5676,6244,5537,30845,33502,32401,3854,4626,3724,43105,41719,35057,31500,28608,20634,19037,19232,18385,7938,7865,8211,17455,18847,22979,6648,7092,6826,35972,33477,28222,5459,5105,5309,29684,35701,6997,8249,,,,6637,6287,6120,35603,36192,39677,6757,6781,7783,35704,32347,24127,9397,8900,7469,72473,76190,58093,8089,7138,6773,72932,70590,67862,7483,7611,6618,31532,29680,19480,11489,12587,9916,,82837,97640.0,7338,6289,7280,94112,,82109,6583,5317,5598,36976,34718,30843,17293,15257,16920,,,,6308,6607,6409,,,,6097,6131,5905,32020,35368,35551,19425,22101,21917,,,,7771,7429,5527,,,,5425,5795,6127,31123,35554,27319,18644,25616,20497,,,,5560,5586,5241,,,,5828,5340,4560,38811,46685,31207,23056,26762,21072
65,650,14014,14358,14425,7964,8441,7764,351,335,337,316,358,287,354,361,369,337,335,621,341,336,303,1021,920,943,881,980,834,913,1067,1042,854,1091,1282,945,989,905,15063,14673,13444,6857,6644,6550,,,,5666,6240,5535,31142,33791,32430,3860,4621,3724,43475,41966,35167,31437,28482,20598,19027,19198,18361,7919,7868,8217,17461,18816,22964,6640,7087,6813,36314,33728,28291,5460,5110,5302,29653,35647,6992,8236,,,,6632,6280,6120,35525,36180,39634,6751,6767,7773,35943,32448,24169,9388,8878,7457,72193,76121,57980,8053,7124,6772,72822,70485,67901,7457,7594,6612,31601,29689,19483,11451,12555,9897,,82807,,7324,6276,7268,94127,,82037,6578,5317,5596,37208,34812,30833,17234,15220,16820,,,,6265,6576,6406,,,,6090,6127,5905,32178,35527,35822,19405,22045,21849,,,,7765,7425,5511,,,,5418,5784,6108,31261,35746,27400,18613,25563,20451,,,,5550,5581,5235,,,,5823,5320,4569,38909,46764,31290,22982,26627,21023
66,660,14034,14335,14426,7976,8437,7776,349,334,338,322,358,288,352,363,372,338,336,632,333,334,298,1027,925,950,888,983,837,909,1068,1041,860,1090,1282,946,994,909,15076,14626,13429,6858,6634,6545,,,,5664,6237,5523,31436,34017,32475,3863,4629,3719,43798,42031,35256,31297,28324,20566,19001,19142,18359,7932,7864,8220,17450,18803,22940,6648,7093,6806,36636,33954,28377,5457,5108,5297,29604,35566,6997,8229,,,,6611,6279,6125,35417,36169,39622,6739,6778,7779,36106,32537,24164,9387,8864,7437,71972,75928,57885,8032,7107,6751,72718,70324,67933,7465,7587,6620,31723,29742,19478,11428,12530,9900,,82622,,7311,6265,7261,94098,,81860,6579,5308,5586,37398,34908,30797,17194,15168,16758,,,,6221,6569,6375,,,,6087,6118,5886,32369,35670,36021,19369,22015,21818,,,,7740,7413,5497,,,,5413,5773,6094,31314,35903,27419,18570,25511,20412,,,,5534,5563,5223,,,,5820,5305,4566,38933,46778,31340,22919,26556,20971
67,670,14024,14342,14431,7986,8450,7788,351,335,340,318,352,289,352,363,368,336,338,635,334,339,300,1033,929,951,890,980,840,914,1074,1047,864,1093,1285,948,994,912,15060,14574,13447,6857,6631,6558,,,,5658,6218,5524,31735,34259,32516,3870,4643,3723,44181,42170,35327,31298,28226,20528,18974,19085,18339,7932,7849,8219,17440,18781,22904,6660,7086,6791,36912,34162,28458,5444,5114,5312,29582,35517,6994,8231,,,,6615,6266,6111,35344,36166,39572,6731,6780,7779,36241,32537,24158,9370,8850,7429,71882,75718,57755,8024,7075,6753,72674,70299,67934,7457,7589,6619,31754,29719,19485,11413,12507,9896,,82506,,7274,6257,7257,94083,,81755,6571,5300,5580,37570,34961,30805,17150,15145,16695,,,,6186,6547,6374,,,,6083,6114,5876,32509,35790,36172,19344,21962,21726,,,,7726,7409,5488,,,,5401,5768,6084,31387,36013,27520,18530,25473,20368,,,,5512,5551,5218,,,,5818,5305,4555,39031,46814,31404,22863,26477,20924
68,680,14018,14304,14404,7993,8433,7797,348,333,336,319,357,285,351,362,370,337,336,631,337,336,300,1031,926,952,890,977,841,917,1073,1050,862,1089,1280,947,995,911,15035,14547,13430,6861,6609,6559,,,,5649,6194,5514,31926,34490,32508,3875,4650,3717,44424,42338,35347,31212,28175,20489,18949,19064,18302,7906,7828,8205,17454,18739,22875,6658,7097,6787,37161,34329,28524,5438,5116,5315,29574,35495,6995,8213,,,,6599,6266,6105,35285,36147,39526,6742,6787,7798,36407,32504,24164,9370,8796,7418,71790,75537,57593,8009,7059,6745,72540,70169,67934,7443,7572,6636,31744,29733,19454,11377,12477,9889,,82529,,7239,6251,7248,94088,,81578,6569,5298,5586,37721,35036,30800,17108,15094,16627,,,,6143,6533,6371,,,,6085,6107,5880,32637,35862,36325,19329,21899,21649,,,,7693,7383,5469,,,,5406,5742,6055,31416,36114,27548,18487,25412,20338,,,,5489,5529,5215,,,,5808,5291,4557,39072,46847,31413,22800,26400,20856
69,690,14009,14292,14396,7992,8446,7783,348,333,335,318,356,288,351,362,372,339,334,640,335,335,302,1029,923,954,889,975,844,920,1076,1056,868,1096,1274,949,1007,915,15037,14496,13400,6857,6592,6559,,,,5641,6181,5509,32135,34633,32488,3874,4651,3717,44696,42544,35378,31165,28085,20430,18840,18978,18272,7890,7822,8213,17446,18692,22818,6671,7075,6776,37369,34481,28577,5437,5110,5303,29518,35378,7000,8203,,,,6589,6247,6107,35248,36132,39453,6739,6781,7775,36494,32425,24144,9362,8778,7418,71583,75419,57509,7992,7051,6729,72323,69948,67939,7427,7561,6622,31781,29633,19421,11358,12446,9868,,82482,,7225,6251,7241,94008,,81425,6563,5280,5567,37852,35036,30769,17077,15069,16592,,,,6112,6532,6365,,,,6076,6105,5867,32747,35921,36401,19295,21878,21555,,,,7687,7377,5471,,,,5386,5736,6028,31459,36190,27602,18452,25373,20305,,,,5487,5533,5218,,,,5813,5279,4552,39020,46851,31436,22687,26298,20803
70,700,14010,14263,14393,8002,8434,7796,345,326,333,319,354,289,349,362,367,337,334,628,334,335,298,1028,919,955,888,971,842,916,1078,1057,864,1092,1269,953,1003,918,15020,14481,13409,6854,6594,6564,,,,5638,6171,5507,32328,34776,32504,3885,4656,3708,44927,42657,35393,31125,28039,20392,18778,18962,18224,7858,7817,8191,17428,18677,22810,6681,7094,6765,37631,34627,28628,5438,5108,5308,29482,35322,6990,8183,,,,6576,6227,6091,35164,36092,39383,6729,6786,7775,36597,32387,24167,9347,8745,7401,71453,75235,57406,7977,7020,6729,72185,69885,67896,7414,7562,6629,31781,29631,19387,11331,12417,9863,,82474,,7209,6250,7238,94006,,81250,6559,5276,5562,37958,35003,30717,17030,14988,16548,,,,6081,6512,6370,,,,6079,6107,5879,32733,35971,36423,19235,21790,21457,,,,7663,7370,5459,,,,5394,5715,6018,31452,36230,27622,18415,25288,20278,,,,5460,5528,5213,,,,5807,5275,4553,39040,46791,31423,22642,26198,20759
71,710,13993,14204,14368,7991,8405,7790,345,328,331,320,352,291,350,358,367,338,330,628,334,337,300,1035,926,961,885,972,849,920,1073,1058,861,1091,1265,954,1006,919,15011,14447,13394,6848,6573,6564,,,,5621,6154,5503,32482,34954,32514,3885,4659,3703,45201,42769,35368,31013,27967,20333,18752,18936,18198,7855,7814,8188,17432,18662,22769,6672,7096,6753,37758,34777,28663,5438,5118,5304,29456,35235,7017,8165,,,,6576,6221,6096,35095,36087,39304,6725,6782,7778,36698,32343,24202,9353,8729,7409,71293,75088,57307,7973,7000,6713,72122,69716,67911,7407,7551,6631,31801,29622,19354,11320,12394,9849,,82305,,7208,6236,7234,93878,,81114,6558,5264,5575,38024,35072,30631,16981,14964,16455,,,,6075,6505,6357,,,,6083,6099,5886,32760,35949,36540,19175,21729,21421,,,,7631,7349,5451,,,,5386,5711,6008,31458,36230,27630,18353,25239,20214,,,,5433,5516,5223,,,,5795,5266,4552,39007,46800,31411,22530,26126,20695
72,720,13964,14147,14328,8002,8413,7794,342,332,331,319,355,290,349,359,369,335,329,638,335,336,299,1031,931,967,891,977,851,925,1073,1058,863,1094,1265,956,1008,926,14983,14398,13365,6855,6575,6563,,,,5617,6139,5498,32578,35000,32435,3889,4674,3705,45276,42786,35391,30988,27919,20297,18692,18866,18142,7833,7793,8180,17420,18619,22730,6689,7091,6743,37854,34836,28667,5429,5125,5308,29377,35170,6997,8154,,,,6562,6218,6094,35013,36011,39131,6722,6783,7742,36781,32310,24183,9334,8713,7405,71178,74798,57176,7958,6982,6724,71860,69554,67853,7384,7541,6632,31816,29516,19304,11316,12337,9812,,82241,97467.0,7184,6237,7217,93793,,80968,6562,5245,5564,38027,35025,30535,16941,14940,16407,,,,6043,6489,6359,,,,6068,6098,5875,32761,35936,36626,19103,21649,21364,,,,7610,7349,5448,,,,5380,5709,6015,31464,36253,27591,18314,25169,20180,,,,5412,5510,5217,,,,5793,5269,4553,38924,46719,31409,22445,26052,20673
73,730,13943,14102,14337,7982,8389,7786,341,329,333,318,350,290,349,361,367,334,330,642,337,335,300,1033,935,969,893,974,855,922,1078,1058,860,1099,1261,957,1004,923,14987,14379,13376,6844,6558,6556,,,,5605,6136,5495,32712,35093,32430,3897,4667,3700,45445,42794,35361,30906,27782,20263,18671,18856,18125,7840,7800,8181,17425,18599,22701,6700,7084,6741,37968,34924,28683,5423,5127,5317,29327,35076,7000,8157,,,,6553,6215,6096,34954,35983,39017,6715,6781,7747,36776,32295,24174,9334,8692,7411,71113,74561,57091,7957,6942,6712,71575,69398,67772,7365,7524,6635,31794,29487,19241,11296,12320,9800,,82120,96973.0,7122,6230,7180,93687,,80829,6557,5231,5566,38038,35037,30478,16894,14890,16361,,,,6032,6473,6360,,,,6071,6084,5876,32758,35819,36709,19047,21534,21321,,,,7578,7326,5430,,,,5387,5688,5982,31420,36201,27542,18275,25086,20132,,,,5396,5507,5205,,,,5800,5254,4542,38868,46576,31379,22387,25926,20611
74,740,13923,14064,14305,7977,8372,7786,341,329,332,321,350,291,347,357,368,335,330,639,335,337,301,1034,937,971,897,974,854,927,1080,1058,865,1099,1255,964,1011,930,14963,14341,13337,6828,6537,6555,,,,5598,6132,5496,32830,35152,32386,3893,4662,3695,45578,42736,35324,30808,27659,20229,18610,18790,18051,7827,7789,8181,17380,18522,22654,6696,7079,6720,38071,34997,28644,5420,5124,5310,29243,34938,6985,8122,,,,6543,6205,6088,34856,35928,38883,6715,6770,7730,36794,32270,24147,9320,8681,7397,71027,74333,56949,7957,6929,6713,71342,69220,67676,7360,7519,6629,31726,29434,19196,11270,12317,9791,,81936,96713.0,7068,6219,7168,93528,,80661,6551,5216,5561,38032,34955,30482,16847,14836,16325,,,,6010,6459,6346,,,,6071,6078,5872,32704,35567,36734,18983,21351,21287,,,,7551,7314,5428,,,,5388,5673,5978,31391,36180,27538,18220,25029,20095,,,,5386,5505,5193,,,,5772,5254,4552,38833,46466,31346,22349,25844,20543
75,750,13893,14023,14270,8002,8374,7785,342,326,332,318,351,293,345,363,368,335,326,642,336,338,300,1040,937,979,903,976,855,927,1080,1062,869,1098,1252,959,1012,932,14935,14309,13315,6833,6541,6566,,,,5598,6128,5484,32910,35170,32346,3902,4657,3697,45667,42594,35309,30824,27479,20201,18570,18740,18013,7817,7774,8173,17375,18494,22638,6709,7075,6703,38161,35083,28639,5419,5127,5320,29198,34847,6983,8105,,,,6544,6197,6081,34758,35900,38840,6702,6764,7723,36817,32275,24120,9309,8690,7391,70900,74147,56851,7945,6912,6686,71287,69106,67554,7335,7509,6615,31735,29393,19137,11252,12269,9762,,81864,96504.0,7042,6214,7155,93413,,80581,6542,5211,5567,38055,34856,30447,16818,14768,16306,,,,5998,6450,6344,,,,6067,6073,5882,32726,35373,36753,18962,21150,21249,,,,7530,7291,5396,,,,5394,5669,5971,31373,36229,27551,18168,24986,20077,,,,5370,5498,5195,,,,5774,5244,4547,38806,46326,31323,22287,25714,20520
76,760,13865,13997,14240,7990,8387,7791,340,327,330,319,352,290,345,358,366,336,325,648,334,331,300,1046,944,980,907,975,857,924,1085,1064,869,1096,1260,964,1012,934,14915,14277,13308,6832,6534,6567,,,,5602,6119,5472,32942,35187,32284,3913,4666,3691,45742,42395,35271,30755,27277,20129,18526,18707,17962,7809,7779,8167,17358,18453,22624,6717,7074,6703,38164,35119,28609,5410,5137,5318,29147,34757,6979,8098,,,,6535,6191,6081,34700,35790,38706,6701,6771,7707,36745,32232,24080,9297,8677,7382,70783,73981,56757,7926,6889,6680,71136,68956,67457,7336,7503,6622,31711,29304,19111,11219,12238,9753,,81722,96147.0,7014,6204,7125,93260,,80440,6535,5190,5564,38025,34739,30420,16756,14715,16287,,,,5979,6430,6335,,,,6056,6065,5873,32680,35168,36798,18889,21056,21156,,,,7505,7279,5394,,,,5389,5655,5959,31355,36230,27497,18130,24968,19998,,,,5363,5488,5181,,,,5761,5236,4538,38756,46181,31293,22231,25605,20452
77,770,13862,13996,14247,7978,8394,7781,339,325,330,323,351,291,346,360,361,334,325,655,335,335,299,1047,944,986,913,975,856,931,1082,1062,870,1095,1249,964,1006,934,14895,14251,13290,6828,6517,6560,,,,5594,6117,5463,33003,35207,32234,3916,4663,3686,45889,42292,35245,30677,27172,20114,18492,18694,17898,7801,7781,8153,17362,18435,22574,6707,7079,6682,38170,35159,28618,5403,5128,5320,29091,34654,6976,8064,,,,6521,6184,6071,34641,35730,38683,6697,6744,7699,36685,32204,24033,9263,8660,7371,70643,73896,56676,7914,6885,6684,71098,68783,67359,7325,7493,6602,31660,29275,19089,11205,12224,9729,,81584,95883.0,6999,6204,7103,93130,,80337,6539,5175,5560,37969,34698,30395,16696,14655,16259,,,,5970,6428,6313,,,,6071,6067,5875,32656,35059,36785,18886,20965,21137,,,,7478,7259,5375,,,,5395,5651,5948,31313,36247,27471,18094,24904,19950,,,,5346,5486,5165,,,,5754,5229,4537,38707,46058,31250,22190,25502,20393
78,780,13831,13968,14195,7978,8383,7769,338,326,332,318,349,292,342,360,362,336,323,655,334,332,299,1050,948,987,914,971,857,931,1089,1063,873,1097,1249,968,1011,936,14862,14221,13292,6821,6510,6555,,,,5586,6109,5461,33013,35172,32197,3920,4667,3693,45898,42210,35233,30646,27063,20094,18472,18663,17867,7795,7768,8134,17354,18382,22547,6713,7065,6675,38195,35171,28581,5392,5127,5309,29086,34523,6982,8042,,,,6508,6185,6063,34563,35675,38588,6692,6740,7710,36657,32176,24013,9259,8647,7363,70492,73786,56595,7905,6860,6671,70971,68654,67242,7321,7478,6604,31666,29228,19023,11202,12207,9709,,81445,95579.0,6977,6196,7093,92954,,80165,6532,5168,5561,37963,34664,30325,16655,14625,16223,,,,5961,6406,6289,,,,6059,6058,5859,32610,34936,36802,18796,20844,21071,,,,7481,7264,5359,,,,5396,5632,5949,31291,36187,27427,18058,24841,19946,,,,5341,5472,5143,,,,5756,5224,4531,38647,45921,31202,22115,25414,20352
79,790,13826,13957,14184,7968,8382,7766,340,326,331,321,351,291,343,357,364,334,326,666,338,336,297,1058,947,989,921,968,858,925,1089,1065,876,1101,1257,965,1012,934,14869,14203,13280,6806,6486,6548,,,,5573,6111,5452,33101,35170,32177,3921,4662,3689,46002,42144,35202,30557,26986,20045,18432,18628,17837,7771,7763,8137,17322,18361,22515,6716,7064,6661,38220,35160,28567,5396,5124,5309,29036,34431,6986,8027,,,,6486,6159,6040,34452,35602,38547,6677,6733,7698,36600,32091,23977,9243,8635,7358,70289,73570,56515,7882,6849,6669,70671,68420,67147,7298,7463,6591,31599,29154,18977,11167,12184,9693,,81344,95156.0,6953,6187,7060,92776,,79982,6521,5141,5548,37929,34611,30304,16617,14599,16203,,,,5940,6398,6277,,,,6045,6045,5861,32515,34869,36809,18724,20779,21035,,,,7454,7254,5351,,,,5398,5623,5943,31246,36106,27403,18013,24770,19871,,,,5325,5466,5146,,,,5729,5216,4521,38619,45854,31150,22071,25353,20315
80,800,13810,13920,14155,7969,8369,7757,341,330,330,318,348,292,344,359,365,333,324,664,336,332,300,1052,951,991,918,969,858,926,1085,1067,873,1101,1253,970,1008,936,14839,14183,13253,6802,6471,6548,,,,5572,6100,5455,33123,35123,32130,3920,4665,3677,46056,42004,35191,30518,26888,20010,18384,18610,17808,7742,7764,8129,17300,18334,22469,6712,7068,6652,38270,35152,28505,5396,5127,5308,28986,34352,6978,8015,,,,6474,6137,6029,34407,35533,38446,6672,6715,7689,36608,32086,23958,9235,8627,7350,70167,73426,56399,7874,6841,6671,70508,68228,66984,7282,7455,6567,31536,29104,18910,11144,12142,9667,,81145,94924.0,6909,6181,7047,92589,,79790,6519,5133,5553,37934,34523,30211,16593,14567,16157,,,,5931,6390,6262,,,,6054,6043,5852,32467,34743,36751,18667,20726,21000,,,,7433,7247,5342,,,,5406,5614,5933,31204,36053,27345,18005,24702,19841,,,,5309,5468,5154,,,,5733,5209,4524,38536,45725,31080,22013,25296,20294
81,810,13773,13916,14144,7955,8371,7744,340,327,333,322,351,292,343,360,363,336,325,665,332,333,297,1056,954,991,918,968,862,932,1095,1067,878,1108,1245,974,1019,937,14829,14136,13226,6793,6461,6536,,,,5563,6097,5447,33125,35073,32042,3921,4656,3669,46058,42016,35128,30419,26793,19971,18309,18551,17776,7747,7750,8121,17294,18290,22455,6701,7063,6639,38293,35141,28461,5400,5119,5299,28945,34218,6968,7985,,,,6455,6137,6024,34322,35482,38377,6657,6719,7689,36572,32028,23933,9224,8613,7341,70024,73221,56295,7853,6815,6668,70368,68075,66792,7269,7431,6560,31447,29059,18848,11117,12137,9647,,81033,94659.0,6886,6171,7029,92472,,79640,6519,5129,5552,37905,34490,30143,16567,14521,16103,,,,5927,6375,6248,,,,6045,6035,5840,32365,34694,36733,18609,20650,20938,,,,7418,7244,5338,,,,5396,5611,5923,31172,35976,27246,17948,24621,19756,,,,5291,5452,5150,,,,5716,5211,4514,38498,45655,31036,21969,25194,20234
82,820,13761,13874,14108,7956,8374,7733,337,325,328,320,347,294,339,357,364,335,323,662,337,335,295,1061,955,990,922,971,864,932,1094,1068,883,1105,1241,974,1014,935,14790,14112,13190,6785,6463,6532,,,,5556,6089,5442,33089,35057,31991,3936,4669,3671,46020,41947,35079,30385,26725,19939,18270,18494,17736,7729,7740,8123,17256,18252,22416,6713,7056,6630,38267,35111,28387,5391,5116,5294,28890,34186,6956,7971,,,,6444,6122,6002,34242,35414,38303,6650,6706,7679,36521,31926,23850,9217,8588,7331,69830,73046,56181,7852,6803,6649,70130,67805,66659,7244,7420,6554,31358,28994,18802,11069,12129,9644,,80855,94294.0,6877,6171,7005,92262,,79489,6505,5123,5552,37883,34386,30030,16533,14474,16044,,,,5906,6367,6238,,,,6037,6032,5839,32305,34597,36709,18541,20608,20895,,,,7398,7233,5341,,,,5403,5593,5914,31145,35890,27162,17934,24555,19673,,,,5282,5449,5149,,,,5697,5198,4511,38398,45472,30986,21912,25125,20174
83,830,13739,13854,14095,7964,8377,7735,334,326,329,319,353,291,341,361,363,333,323,652,336,333,298,1061,955,993,925,969,865,930,1096,1070,878,1105,1233,964,1010,935,14784,14088,13168,6780,6459,6516,,,,5557,6075,5443,33089,35005,31885,3930,4666,3657,45927,41837,35016,30303,26666,19897,18221,18475,17716,7707,7724,8118,17241,18248,22395,6705,7051,6617,38300,35075,28348,5382,5111,5287,28777,34059,6943,7945,,,,6427,6113,5990,34153,35351,38173,6649,6701,7660,36489,31851,23816,9213,8573,7325,69573,72875,56112,7819,6785,6638,69575,67537,66444,7198,7394,6535,31304,28933,18773,11066,12113,9620,,80656,94031.0,6861,6152,6989,92021,,79237,6503,5114,5540,37829,34326,29935,16501,14447,15997,,,,5893,6351,6230,,,,6027,6020,5824,32204,34493,36631,18484,20541,20827,,,,7389,7216,5324,,,,5399,5580,5903,31095,35855,27095,17890,24491,19584,,,,5264,5443,5153,,,,5690,5189,4509,38290,45252,30915,21841,24987,20118
84,840,13741,13830,14055,7953,8374,7740,338,327,330,319,349,291,339,357,365,335,324,659,333,331,293,1069,964,993,928,972,866,929,1094,1073,885,1107,1238,968,1011,932,14752,14080,13132,6759,6441,6516,,,,5538,6065,5432,33118,34980,31846,3935,4663,3650,45876,41801,34903,30180,26563,19847,18175,18412,17686,7684,7714,8106,17215,18197,22349,6694,7055,6610,38196,35044,28307,5392,5102,5284,28708,33980,6923,7930,,,,6404,6102,5981,34087,35299,38012,6639,6690,7631,36449,31820,23790,9200,8562,7329,69364,72718,55999,7786,6776,6636,69283,67390,66275,7165,7373,6528,31242,28895,18721,11022,12077,9599,,80498,93824.0,6842,6155,6978,91867,,79106,6502,5115,5552,37800,34292,29823,16465,14410,15939,,,,5872,6346,6217,,,,6014,6013,5822,32087,34434,36468,18432,20490,20724,,,,7359,7199,5313,,,,5410,5566,5899,31048,35774,26921,17884,24401,19484,,,,5257,5424,5139,,,,5679,5185,4502,38205,45104,30837,21783,24907,20058
85,850,13725,13802,14039,7963,8375,7734,338,328,327,319,352,291,340,359,363,338,321,662,329,331,296,1067,962,1000,926,973,863,930,1094,1068,889,1103,1237,963,1009,936,14720,14055,13119,6755,6446,6508,,,,5545,6041,5425,33102,34946,31798,3942,4661,3654,45752,41612,34844,30051,26452,19784,18143,18373,17656,7691,7702,8131,17187,18164,22298,6698,7045,6599,38178,35023,28236,5376,5108,5287,28582,33851,6910,7907,,,,6376,6085,5971,34015,35226,37951,6640,6681,7623,36407,31730,23731,9216,8550,7314,69040,72522,55862,7771,6761,6632,69113,67083,66123,7151,7351,6524,31169,28834,18698,11003,12074,9601,,80353,93584.0,6827,6146,6968,91702,,78861,6493,5093,5532,37738,34204,29748,16443,14384,15907,,,,5832,6323,6211,,,,6008,5999,5823,32051,34301,36352,18400,20403,20647,,,,7336,7160,5292,,,,5406,5559,5873,30990,35652,26785,17815,24339,19382,,,,5247,5418,5143,,,,5670,5175,4502,38119,44947,30723,21734,24836,19995
86,860,13707,13774,14014,7943,8365,7727,337,325,326,319,351,296,338,359,360,335,321,666,333,329,298,1071,963,998,926,973,865,929,1094,1074,888,1106,1234,960,1010,938,14704,14042,13094,6745,6433,6494,,,,5543,6043,5433,33084,34863,31730,3939,4659,3651,45663,41521,34804,29963,26395,19761,18069,18344,17627,7672,7703,8122,17151,18121,22294,6686,7043,6582,38157,34990,28109,5377,5104,5265,28503,33759,6906,7896,,,,6348,6076,5965,33926,35166,37855,6629,6675,7613,36354,31656,23685,9187,8536,7316,68795,72395,55794,7747,6749,6627,68888,66788,66005,7138,7332,6503,31073,28777,18668,10984,12054,9587,,80150,93410.0,6808,6142,6960,91577,,78570,6486,5087,5515,37661,34175,29696,16399,14363,15895,,,,5817,6323,6211,,,,5998,5991,5820,32007,34152,36274,18370,20310,20576,,,,7317,7146,5290,,,,5405,5545,5858,30967,35611,26655,17807,24322,19316,,,,5235,5405,5146,,,,5668,5166,4501,38004,44843,30629,21669,24756,19923
87,870,13688,13741,13977,7950,8359,7717,335,327,326,319,353,295,340,361,359,337,318,670,335,330,293,1072,965,1001,927,973,866,928,1096,1072,895,1107,1232,965,1010,934,14679,14019,13058,6743,6426,6497,,,,5547,6031,5419,33057,34778,31657,3947,4658,3649,45460,41424,34755,29861,26318,19726,18040,18288,17582,7650,7691,8119,17100,18102,22226,6688,7045,6584,38118,34938,28010,5376,5115,5266,28443,33636,6890,7872,,,,6342,6081,5956,33841,35094,37776,6621,6661,7610,36309,31588,23667,9176,8524,7316,68465,72252,55703,7713,6734,6627,68742,66566,65947,7127,7321,6509,31008,28751,18629,10956,12045,9583,,79919,92967.0,6784,6124,6938,91376,,78166,6493,5078,5510,37591,34122,29630,16374,14355,15852,,,,5789,6315,6180,,,,5991,5993,5820,31992,34048,36159,18340,20250,20511,,,,7301,7121,5285,,,,5398,5533,5844,30926,35536,26591,17788,24277,19262,,,,5221,5392,5154,,,,5659,5170,4498,37925,44736,30526,21587,24693,19862
88,880,13683,13731,13966,7951,8353,7718,335,327,326,319,351,291,336,361,359,334,322,675,331,330,297,1075,967,998,926,974,866,929,1095,1068,895,1107,1236,965,1009,943,14663,13997,13050,6724,6422,6490,,,,5532,6021,5411,33070,34653,31646,3944,4649,3642,45388,41318,34684,29762,26219,19715,18006,18291,17588,7642,7680,8118,17066,18085,22210,6665,7051,6579,38069,34981,27924,5383,5104,5242,28363,33530,6888,7844,,,,6328,6065,5945,33766,35044,37664,6609,6657,7599,36227,31495,23640,9162,8500,7307,68279,72083,55589,7694,6730,6612,68589,66421,65780,7105,7309,6495,30935,28692,18572,10941,12030,9574,,79705,92715.0,6762,6110,6918,91068,,77627,6472,5070,5483,37521,34087,29586,16336,14325,15806,,,,5772,6311,6165,,,,5978,5983,5818,31957,33974,36109,18319,20218,20470,,,,7276,7093,5270,,,,5396,5532,5849,30925,35475,26510,17779,24235,19205,,,,5207,5391,5146,,,,5647,5159,4503,37830,44629,30435,21557,24604,19799
89,890,13690,13713,13966,7942,8351,7720,338,327,327,318,351,293,336,358,356,336,320,680,334,332,299,1073,975,1003,932,971,867,932,1098,1065,900,1108,1240,964,1007,945,14662,13990,13027,6730,6416,6478,,,,5526,6013,5414,33074,34626,31626,3945,4647,3640,45334,41134,34650,29704,26112,19677,17966,18264,17581,7628,7687,8112,17042,18046,22161,6668,7043,6561,38060,34930,27770,5382,5101,5230,28299,33395,6879,7820,,,,6312,6059,5946,33693,34974,37542,6607,6642,7593,36156,31443,23631,9151,8484,7302,68080,71977,55506,7675,6716,6605,68443,66191,65695,7115,7289,6499,30920,28660,18548,10924,12015,9558,,79503,92485.0,6754,6096,6906,90808,,77251,6473,5069,5464,37520,34030,29535,16314,14321,15813,,,,5759,6295,6148,,,,5967,5979,5808,31942,33897,36061,18313,20172,20449,,,,7256,7091,5267,,,,5389,5523,5839,30888,35444,26412,17756,24175,19121,,,,5188,5381,5147,,,,5634,5149,4498,37720,44457,30336,21507,24526,19728
90,900,13657,13695,13942,7959,8367,7709,335,326,326,317,352,293,336,361,355,337,321,669,332,331,295,1079,978,1007,930,972,868,930,1096,1069,902,1111,1241,963,1012,944,14642,13982,12990,6732,6421,6477,,,,5527,6004,5410,33058,34541,31557,3959,4655,3647,45277,40987,34622,29666,26028,19673,17920,18220,17539,7622,7683,8136,17007,18022,22156,6671,7052,6561,38024,34874,27693,5386,5105,5224,28254,33306,6881,7801,,,,6326,6052,5944,33656,34942,37467,6605,6642,7567,36114,31375,23585,9161,8495,7301,67861,71848,55360,7665,6707,6598,68329,66126,65594,7099,7278,6487,30869,28654,18560,10915,12011,9561,,79285,92326.0,6752,6088,6903,90610,,77020,6465,5068,5466,37453,33949,29480,16291,14293,15806,,,,5733,6305,6146,,,,5974,5971,5828,31910,33872,35976,18309,20190,20399,,,,7242,7094,5276,,,,5396,5505,5838,30870,35370,26342,17760,24160,19091,,,,5185,5376,5151,,,,5626,5152,4501,37662,44159,30178,21460,24381,19623
91,910,13646,13684,13924,7950,8366,7718,332,323,327,318,350,293,336,359,357,338,319,676,329,331,298,1079,979,1006,926,971,864,931,1101,1059,903,1112,1242,966,1008,947,14632,13971,12976,6734,6412,6471,,,,5520,6002,5397,33027,34521,31542,3959,4647,3640,45199,40946,34566,29580,25959,19636,17886,18189,17555,7590,7663,8133,17013,18004,22148,6669,7039,6558,38035,34870,27666,5389,5104,5223,28237,33238,6885,7776,,,,6302,6051,5939,33619,34869,37360,6608,6630,7556,36071,31302,23546,9160,8467,7294,67656,71810,55266,7637,6705,6591,68231,65906,65585,7095,7277,6492,30811,28625,18539,10902,12025,9562,,79047,92243.0,6740,6073,6898,90579,,76871,6471,5065,5462,37365,33958,29459,16268,14276,15801,,,,5721,6290,6134,,,,5967,5978,5830,31899,33851,35932,18301,20172,20363,,,,7227,7086,5265,,,,5401,5507,5829,30846,35300,26275,17761,24094,19042,,,,5188,5366,5151,,,,5614,5139,4498,37588,44064,30110,21426,24323,19559
92,920,13653,13695,13930,7973,8388,7725,333,323,326,318,347,294,339,361,356,338,319,675,332,330,297,1081,980,1007,925,981,867,933,1105,1063,908,1114,1254,973,1010,950,14626,13981,12972,6723,6416,6474,,,,5519,6008,5392,33055,34532,31554,3977,4653,3648,45192,40825,34548,29613,25931,19637,17826,18168,17539,7574,7666,8138,16989,17964,22103,6662,7049,6552,37987,34830,27595,5373,5112,5216,28209,33124,6879,7771,,,,6301,6051,5920,33604,34819,37208,6603,6638,7556,36026,31242,23520,9148,8455,7301,67546,71729,55195,7630,6713,6586,68135,65805,65575,7085,7276,6501,30754,28624,18527,10884,12037,9568,,78860,92185.0,6728,6069,6897,90451,,76744,6478,5070,5472,37368,33905,29423,16268,14266,15777,,,,5720,6289,6135,,,,5961,5978,5821,31889,33798,35839,18299,20144,20322,,,,7222,7075,5273,,,,5398,5503,5833,30856,35226,26206,17754,24062,19000,,,,5170,5361,5157,,,,5621,5147,4505,37481,43938,29995,21406,24293,19532
93,930,13635,13681,13917,7950,8382,7708,333,328,326,320,351,295,337,359,355,340,321,685,334,330,298,1075,983,1006,928,974,870,933,1099,1061,911,1119,1255,967,1008,953,14612,13942,12961,6719,6407,6483,,,,5513,6001,5391,33017,34497,31500,3972,4667,3636,45132,40705,34520,29520,25866,19639,17745,18140,17518,7550,7668,8137,16936,17957,22078,6666,7045,6535,37950,34839,27525,5376,5095,5206,28170,33028,6879,7761,,,,6287,6045,5937,33553,34789,37061,6609,6618,7534,35955,31149,23513,9143,8452,7309,67402,71652,55058,7604,6706,6582,68071,65706,65506,7080,7274,6491,30748,28589,18514,10877,12021,9555,,78555,92060.0,6717,6050,6901,90323,,76595,6471,5058,5463,37315,33881,29363,16247,14250,15747,,,,5703,6285,6118,,,,5973,5976,5819,31877,33725,35781,18279,20111,20296,,,,7207,7074,5259,,,,5393,5500,5822,30837,35184,26188,17750,24030,18991,,,,5164,5357,5161,,,,5601,5143,4499,37404,43781,29940,21320,24169,19488
94,940,13628,13637,13886,7947,8378,7714,336,323,325,319,349,294,337,360,352,339,322,683,332,331,297,1080,979,1006,928,985,869,931,1103,1061,911,1113,1253,968,1009,956,14606,13924,12948,6720,6409,6463,,,,5513,6004,5373,32997,34411,31453,3971,4662,3645,45072,40676,34478,29493,25817,19622,17676,18088,17512,7531,7654,8140,16920,17895,22076,6669,7033,6544,37940,34793,27456,5378,5102,5208,28148,32974,6884,7737,,,,6282,6028,5923,33531,34654,36994,6604,6603,7518,35892,31108,23492,9129,8449,7303,67136,71613,54969,7592,6686,6567,67996,65537,65422,7079,7253,6492,30707,28572,18483,10870,12022,9559,,78378,91933.0,6706,6044,6882,90220,,76476,6477,5060,5467,37275,33837,29319,16227,14237,15732,,,,5694,6273,6086,,,,5960,5972,5813,31845,33598,35670,18278,20011,20221,,,,7200,7060,5257,,,,5385,5492,5826,30806,35139,26137,17731,24000,18935,,,,5155,5367,5161,,,,5595,5149,4495,37310,43585,29872,21294,24094,19455
95,950,13615,13631,13866,7951,8373,7694,332,325,326,317,351,299,337,359,354,340,318,681,333,328,300,1086,985,1017,935,987,872,936,1107,1059,910,1118,1258,970,1004,952,14582,13935,12934,6697,6399,6458,,,,5505,6007,5359,32961,34349,31436,3981,4649,3639,45014,40567,34404,29453,25777,19558,17633,18042,17477,7503,7628,8139,16916,17877,22038,6671,7029,6540,37884,34706,27386,5373,5087,5200,28106,32878,6881,7724,,,,6264,6021,5915,33487,34608,36815,6614,6597,7488,35804,31082,23473,9115,8432,7304,66926,71450,54840,7570,6686,6559,67916,65379,65322,7083,7238,6491,30682,28481,18447,10873,11996,9549,,78178,91797.0,6691,6031,6878,90072,,76367,6465,5067,5468,37213,33797,29227,16198,14236,15688,,,,5678,6263,6048,,,,5961,5968,5816,31842,33468,35579,18269,19939,20199,,,,7179,7041,5245,,,,5368,5484,5803,30775,35101,26082,17734,23966,18910,,,,5149,5346,5157,,,,5591,5141,4485,37210,43459,29818,21238,24042,19409
