,time,"L16, 0, RFPEx","L16, 1, RFPEx","L16, 2, RFPEx","L16, 3, RFPEx","L16, 0, GFP","L16, 1, GFP","L16, 2, GFP","L16, 3, GFP","L8, 0, RFPEx","L8, 1, RFPEx","L8, 2, RFPEx","L8, 3, RFPEx","L8, 0, GFP","L8, 1, GFP","L8, 2, GFP","L8, 3, GFP","B, 0, RFPEx","B, 1, RFPEx","B, 2, RFPEx","B, 0, GFP","B, 1, GFP","B, 2, GFP","R0.5, 0, RFPEx","R0.5, 1, RFPEx","R0.5, 2, RFPEx","R0.5, 3, RFPEx","R0.5, 0, GFP","R0.5, 1, GFP","R0.5, 2, GFP","R0.5, 3, GFP","A16, 0, RFPEx","A16, 1, RFPEx","A16, 2, RFPEx","A16, 0, GFP","A16, 1, GFP","A16, 2, GFP","A0.1, 0, RFPEx","A0.1, 1, RFPEx","A0.1, 2, RFPEx","A0.1, 0, GFP","A0.1, 1, GFP","A0.1, 2, GFP","L0.1, 0, RFPEx","L0.1, 1, RFPEx","L0.1, 0, GFP","L0.1, 1, GFP","O0.5, 0, RFPEx","O0.5, 1, RFPEx","O0.5, 2, RFPEx","O0.5, 3, RFPEx","O0.5, 0, GFP","O0.5, 1, GFP","O0.5, 2, GFP","O0.5, 3, GFP","A8, 0, RFPEx","A8, 1, RFPEx","A8, 2, RFPEx","A8, 0, GFP","A8, 1, GFP","A8, 2, GFP","L4, 0, RFPEx","L4, 1, RFPEx","L4, 2, RFPEx","L4, 0, GFP","L4, 1, GFP","L4, 2, GFP","L, 0, RFPEx","L, 1, RFPEx","L, 2, RFPEx","L, 0, GFP","L, 1, GFP","L, 2, GFP","A4, 0, RFPEx","A4, 1, RFPEx","A4, 2, RFPEx","A4, 0, GFP","A4, 1, GFP","A4, 2, GFP","L0.01, 0, RFPEx","L0.01, 1, RFPEx","L0.01, 2, RFPEx","L0.01, 0, GFP","L0.01, 1, GFP","L0.01, 2, GFP","L2, 0, RFPEx","L2, 1, RFPEx","L2, 2, RFPEx","L2, 0, GFP","L2, 1, GFP","L2, 2, GFP","A, 0, RFPEx","A, 1, RFPEx","A, 2, RFPEx","A, 0, GFP","A, 1, GFP","A, 2, GFP","A2, 0, RFPEx","A2, 1, RFPEx","A2, 2, RFPEx","A2, 0, GFP","A2, 1, GFP","A2, 2, GFP","A0.01, 0, RFPEx","A0.01, 1, RFPEx","A0.01, 2, RFPEx","A0.01, 0, GFP","A0.01, 1, GFP","A0.01, 2, GFP","L1, 0, RFPEx","L1, 1, RFPEx","L1, 2, RFPEx","L1, 0, GFP","L1, 1, GFP","L1, 2, GFP","R1, 0, RFPEx","R1, 1, RFPEx","R1, 2, RFPEx","R1, 3, RFPEx","R1, 0, GFP","R1, 1, GFP","R1, 2, GFP","R1, 3, GFP","A1, 0, RFPEx","A1, 1, RFPEx","A1, 2, RFPEx","A1, 0, GFP","A1, 1, GFP","A1, 2, GFP","L0.5, 0, RFPEx","L0.5, 1, RFPEx","L0.5, 2, RFPEx","L0.5, 0, GFP","L0.5, 1, GFP","L0.5, 2, GFP","O1, 0, RFPEx","O1, 1, RFPEx","O1, 2, RFPEx","O1, 0, GFP","O1, 1, GFP","O1, 2, GFP","A0.5, 0, RFPEx","A0.5, 1, RFPEx","A0.5, 2, RFPEx","A0.5, 0, GFP","A0.5, 1, GFP","A0.5, 2, GFP"
0,0,243,370,291,268,350,510,431,397,363,382,348,349,541,558,500,493,317,354,303,372,451,305,350,304,341,203,477,418,454,304,337,359,294,517,569,495,345,316,315,632,557,517,343,349,533,512,323,353,252,216,442,525,430,341,350,338,288,581,574,509,367,355,328,499,537,483,346,351,314,420,448,416,354,343,343,597,566,591,376,411,304,559,594,420,383,372,370,576,550,560,309,274,334,409,368,427,340,334,326,557,546,468,351,291,271,582,477,412,366,359,265,552,535,418,348,328,279,279,466,417,368,414,330,349,300,543,595,474,358,349,324,529,492,452,320,323,275,395,366,328,288,238,330,437,417,555
1,10,229,359,272,250,317,423,360,333,344,369,336,326,427,425,394,371,297,348,288,284,316,257,346,288,333,199,420,364,389,278,301,326,266,332,367,335,313,285,289,359,337,335,311,311,359,364,316,333,245,205,373,401,356,304,322,302,257,362,352,317,349,335,313,362,388,368,330,340,294,396,417,385,327,329,329,352,341,352,353,382,285,392,437,343,370,352,359,415,396,414,299,261,323,379,349,401,319,309,283,363,356,309,324,262,238,366,311,289,347,345,242,396,389,317,338,309,255,252,393,370,326,368,307,329,281,344,374,328,340,335,310,391,372,348,307,302,250,361,362,316,259,221,313,287,286,359
2,20,227,358,266,243,424,580,479,435,344,369,331,317,569,580,514,480,285,344,287,284,324,259,342,285,327,198,596,492,521,376,288,316,257,418,459,416,312,281,282,430,406,401,300,298,456,459,310,325,243,202,489,523,488,416,313,293,253,443,433,383,342,333,303,465,502,471,327,339,293,550,584,537,319,326,325,385,378,379,351,383,283,518,590,445,367,350,353,552,525,546,298,263,325,514,470,544,317,297,274,453,448,378,325,257,235,444,379,351,347,344,238,524,501,400,336,304,244,244,540,490,429,509,299,323,277,415,466,411,336,334,304,516,483,452,300,296,239,477,495,409,251,216,311,336,345,440
3,30,239,369,274,256,574,820,654,581,359,377,347,328,768,811,714,654,286,342,291,299,348,278,342,277,320,199,840,655,712,524,288,321,267,542,604,546,321,284,288,547,513,514,306,299,601,596,308,313,243,204,682,701,688,587,316,295,254,576,564,499,350,343,311,631,689,646,357,371,325,799,840,758,319,328,327,448,439,440,358,398,294,718,808,604,383,360,368,778,730,755,323,283,350,718,647,756,327,305,274,605,584,487,331,258,238,578,490,438,360,354,245,718,681,536,333,294,239,241,758,669,566,713,301,336,277,541,619,541,348,344,317,703,653,608,298,295,239,643,682,541,246,224,323,417,446,565
4,40,268,423,308,293,740,1083,833,743,416,421,396,373,984,1075,929,840,286,349,294,316,380,295,337,268,316,200,1092,832,935,698,301,346,291,678,764,682,341,309,302,683,642,627,336,322,753,740,304,304,243,204,891,910,909,782,336,326,270,723,728,618,371,381,346,815,889,831,430,447,402,1059,1122,1007,321,332,333,520,501,494,391,445,322,922,1061,781,433,397,416,1026,939,973,379,332,407,918,818,957,354,325,281,744,730,600,351,271,252,724,611,541,390,383,274,916,875,683,329,290,235,238,993,871,722,953,328,366,297,699,791,682,386,377,346,927,845,779,295,295,236,813,885,677,263,241,348,507,556,698
5,50,347,520,391,376,906,1301,1018,898,535,505,488,463,1181,1300,1138,1022,284,346,302,330,409,313,332,267,308,204,1338,1019,1136,865,349,397,357,805,898,812,395,356,341,818,752,741,402,388,889,881,296,303,241,205,1073,1116,1127,981,382,384,310,873,864,741,432,467,432,1005,1077,1008,564,603,541,1296,1382,1230,337,341,343,591,566,552,452,548,387,1136,1302,971,545,486,511,1265,1134,1167,484,423,517,1081,967,1142,419,389,311,903,891,713,393,308,292,874,721,655,470,462,340,1126,1066,840,321,283,234,237,1195,1064,892,1180,386,431,351,844,961,821,467,457,407,1127,1033,931,289,289,233,972,1089,824,293,284,398,601,679,826
6,60,458,664,504,505,1047,1479,1173,1042,720,647,642,609,1379,1519,1311,1170,278,343,298,341,425,336,329,261,300,202,1591,1181,1329,1032,423,489,465,927,1027,945,469,430,415,925,861,858,522,510,1026,1026,292,293,241,208,1264,1298,1313,1182,456,492,379,996,1010,850,524,609,580,1153,1259,1182,807,860,781,1531,1616,1441,350,349,359,644,602,601,575,731,505,1335,1540,1150,736,627,663,1492,1302,1320,659,565,685,1249,1087,1317,520,490,365,1040,1029,819,464,375,360,1012,841,757,615,587,446,1300,1218,974,320,279,234,238,1391,1239,1043,1407,484,536,441,970,1103,957,613,594,528,1327,1210,1085,284,286,235,1116,1280,957,356,364,484,681,780,945
7,70,624,902,696,686,1192,1684,1341,1173,1014,881,868,793,1576,1751,1489,1281,275,337,298,352,450,347,330,261,295,205,1821,1348,1505,1198,560,649,640,1051,1174,1071,581,545,515,1026,965,966,699,671,1152,1141,293,288,242,212,1418,1468,1506,1372,585,664,482,1134,1148,953,677,832,800,1295,1438,1345,1191,1262,1166,1760,1849,1666,376,367,377,695,645,642,753,1008,675,1520,1731,1314,1018,842,894,1706,1472,1484,935,777,934,1417,1216,1458,688,651,452,1178,1173,912,571,478,466,1139,955,858,822,770,603,1473,1363,1110,313,276,231,244,1576,1395,1179,1610,634,705,592,1084,1249,1100,832,801,704,1511,1369,1225,279,284,237,1267,1464,1089,457,479,613,771,879,1057
8,80,858,1216,962,939,1342,1871,1505,1306,1424,1200,1192,1101,1770,1964,1678,1437,269,340,295,359,477,360,334,260,294,213,2038,1510,1701,1367,755,867,893,1167,1311,1204,758,716,656,1136,1070,1072,965,919,1288,1268,291,288,249,221,1586,1641,1707,1567,780,903,634,1271,1283,1072,904,1148,1120,1441,1613,1518,1736,1848,1720,1978,2077,1886,409,392,406,745,688,684,1025,1382,929,1709,1909,1480,1416,1166,1227,1905,1648,1668,1296,1072,1278,1566,1334,1603,921,884,587,1310,1305,1021,741,627,622,1282,1072,955,1127,1045,839,1643,1523,1252,321,278,236,254,1785,1550,1324,1818,854,945,812,1204,1389,1238,1140,1091,969,1672,1529,1372,278,283,234,1418,1655,1208,609,647,775,867,988,1153
9,90,1150,1612,1293,1252,1493,2060,1652,1449,1915,1621,1597,1488,1953,2174,1865,1589,271,337,293,371,503,375,352,275,306,228,2256,1676,1898,1533,1009,1140,1210,1299,1439,1340,995,950,861,1245,1179,1189,1322,1260,1417,1401,302,298,260,240,1738,1811,1901,1756,1041,1224,835,1408,1417,1186,1217,1561,1541,1595,1786,1694,2467,2638,2450,2180,2302,2079,452,428,442,785,730,723,1386,1902,1257,1879,2121,1638,1948,1565,1701,2103,1803,1867,1759,1444,1715,1699,1459,1734,1237,1187,774,1448,1447,1133,961,823,826,1408,1186,1052,1521,1399,1141,1825,1686,1392,337,289,253,277,1992,1711,1463,2034,1155,1279,1091,1338,1544,1362,1532,1468,1303,1827,1686,1516,280,291,239,1562,1845,1341,812,876,994,965,1100,1260
10,100,1492,2080,1681,1616,1647,2248,1810,1592,2499,2140,2047,1934,2137,2402,2017,1725,271,338,291,378,531,391,384,299,334,253,2468,1837,2100,1710,1306,1458,1582,1418,1565,1476,1300,1260,1106,1352,1302,1297,1780,1707,1552,1534,314,325,285,268,1879,1979,2094,1939,1363,1613,1095,1545,1561,1308,1609,2075,2060,1754,1970,1859,3405,3644,3349,2395,2503,2254,511,472,479,830,770,757,1856,2578,1679,2044,2330,1789,2607,2081,2294,2303,1969,2055,2348,1900,2244,1846,1562,1864,1638,1568,1022,1581,1581,1238,1244,1082,1089,1529,1301,1150,2032,1853,1516,2010,1844,1529,372,318,278,313,2190,1859,1607,2210,1546,1709,1456,1478,1704,1497,2043,1967,1724,1997,1853,1658,281,309,248,1700,2045,1478,1080,1169,1263,1071,1212,1377
11,110,1872,2610,2111,2011,1779,2439,1950,1725,3149,2708,2536,2449,2304,2586,2169,1880,265,338,290,390,561,407,444,343,379,293,2667,1991,2296,1875,1647,1827,1998,1533,1696,1604,1688,1637,1407,1472,1420,1409,2364,2252,1696,1673,341,366,322,319,2012,2136,2280,2126,1729,2056,1404,1670,1684,1424,2083,2667,2636,1907,2138,2015,4560,4841,4438,2588,2694,2429,573,525,531,874,802,793,2411,3409,2216,2199,2533,1955,3413,2717,3020,2509,2140,2251,3037,2417,2867,1987,1662,1994,2108,2043,1322,1708,1727,1350,1605,1400,1422,1664,1425,1261,2666,2424,1963,2196,2025,1651,424,363,316,378,2369,2015,1746,2404,2023,2222,1895,1609,1870,1638,2693,2576,2242,2187,2019,1801,289,333,255,1853,2228,1614,1419,1523,1593,1182,1331,1492
12,120,2277,3171,2569,2437,1910,2612,2088,1849,3845,3335,3067,3016,2478,2771,2327,2027,263,335,289,396,584,422,531,410,451,356,2867,2148,2497,2041,2019,2228,2442,1647,1827,1736,2176,2096,1766,1613,1540,1510,3054,2886,1834,1808,386,432,380,388,2144,2290,2465,2297,2153,2553,1756,1807,1824,1546,2635,3326,3298,2059,2297,2163,5951,6255,5750,2784,2866,2591,643,589,589,916,841,832,3106,4394,2858,2364,2732,2120,4346,3453,3855,2702,2320,2443,3825,3001,3554,2123,1759,2106,2653,2594,1681,1836,1885,1463,2044,1792,1815,1791,1546,1369,3421,3094,2504,2384,2187,1791,503,435,375,471,2538,2166,1880,2595,2581,2842,2408,1752,2027,1774,3492,3298,2857,2376,2182,1945,306,375,271,2007,2409,1762,1830,1946,1996,1287,1445,1622
13,130,2704,3754,3061,2859,2056,2773,2230,1976,4555,4018,3635,3601,2648,2966,2492,2175,266,337,287,405,605,436,654,507,554,444,3060,2301,2660,2187,2410,2648,2898,1769,1954,1869,2746,2631,2172,1734,1666,1615,3858,3636,1971,1942,455,528,469,489,2280,2437,2648,2474,2609,3073,2142,1944,1960,1671,3243,4031,4017,2214,2458,2329,7545,7906,7250,2965,3039,2759,716,657,648,959,882,868,3947,5545,3621,2538,2925,2284,5392,4274,4790,2902,2482,2628,4689,3634,4335,2248,1859,2230,3257,3217,2108,1976,2039,1586,2566,2255,2276,1928,1667,1470,4273,3858,3125,2560,2366,1931,613,531,454,601,2724,2303,2008,2795,3232,3542,3010,1896,2184,1928,4411,4142,3583,2571,2359,2092,332,432,295,2160,2573,1893,2286,2425,2459,1393,1552,1753
14,140,3136,4351,3556,3283,2183,2932,2352,2086,5270,4748,4225,4178,2800,3166,2659,2310,261,337,288,411,620,446,824,634,691,555,3248,2449,2822,2344,2825,3060,3362,1883,2079,1998,3399,3247,2666,1869,1785,1732,4788,4482,2118,2071,548,661,582,618,2407,2598,2817,2652,3110,3613,2549,2086,2093,1791,3904,4773,4772,2355,2611,2482,9321,9807,8944,3124,3215,2905,795,731,712,985,913,897,4888,6854,4504,2697,3125,2428,6538,5174,5810,3098,2644,2809,5627,4328,5154,2373,1950,2324,3924,3889,2588,2119,2191,1698,3174,2786,2797,2056,1802,1574,5239,4719,3829,2749,2525,2070,757,653,559,768,2892,2445,2137,2986,3925,4282,3683,2040,2330,2082,5448,5106,4378,2752,2520,2230,370,515,326,2312,2751,2035,2796,2968,2982,1501,1675,1894
15,150,3581,4926,4040,3700,2321,3084,2461,2199,5976,5488,4830,4746,2962,3360,2813,2435,258,337,286,421,640,455,1034,802,867,701,3425,2587,2984,2481,3237,3490,3814,2001,2200,2135,4146,3936,3232,2001,1918,1848,5840,5441,2252,2206,664,831,727,781,2550,2739,2983,2821,3631,4179,2966,2226,2231,1917,4600,5519,5551,2504,2752,2630,11318,11923,10849,3296,3386,3057,866,812,777,1007,947,929,5974,8330,5494,2856,3309,2593,7807,6142,6898,3307,2802,2972,6631,5054,6018,2500,2046,2429,4630,4621,3105,2261,2351,1817,3839,3394,3388,2174,1923,1680,6337,5672,4582,2929,2687,2198,936,813,687,975,3064,2580,2265,3173,4674,5069,4385,2172,2476,2230,6605,6160,5287,2934,2679,2370,425,633,371,2457,2923,2173,3359,3583,3566,1601,1804,2030
16,160,4018,5494,4510,4118,2454,3227,2577,2315,6640,6235,5415,5329,3109,3540,2956,2572,259,334,284,429,657,470,1298,1004,1081,879,3597,2711,3130,2623,3645,3886,4263,2112,2307,2260,4982,4698,3870,2122,2029,1972,7002,6501,2379,2335,820,1044,911,978,2672,2888,3131,2979,4130,4730,3387,2351,2381,2025,5330,6292,6341,2642,2902,2789,13519,14244,12914,3454,3545,3196,946,894,840,1035,973,955,7162,9958,6624,2995,3492,2753,9153,7153,8040,3498,2950,3133,7694,5835,6934,2608,2135,2523,5368,5361,3680,2404,2505,1934,4604,4042,4055,2298,2031,1786,7535,6706,5393,3102,2839,2327,1158,995,848,1218,3220,2711,2386,3350,5417,5870,5147,2294,2615,2387,7898,7342,6290,3113,2836,2522,499,783,429,2605,3100,2309,3953,4267,4223,1704,1931,2170
17,170,4448,6064,4995,4543,2590,3368,2700,2425,7329,6971,5993,5870,3269,3727,3110,2704,258,333,281,434,672,476,1607,1243,1349,1096,3744,2831,3273,2754,4037,4273,4676,2216,2417,2374,5845,5526,4576,2238,2156,2088,8260,7690,2505,2469,1004,1298,1130,1214,2799,3022,3281,3146,4619,5278,3811,2471,2523,2139,6053,7068,7130,2777,3045,2939,15938,16788,15176,3614,3706,3340,1043,974,910,1068,1003,985,8467,11751,7849,3138,3668,2900,10553,8210,9237,3690,3099,3302,8799,6621,7887,2726,2226,2627,6112,6105,4291,2556,2665,2056,5481,4776,4785,2428,2155,1896,8780,7825,6299,3257,2990,2447,1411,1219,1038,1509,3372,2860,2495,3519,6189,6704,5920,2430,2765,2541,9319,8591,7337,3295,2987,2635,599,977,502,2738,3264,2440,4593,4974,4915,1808,2066,2308
18,180,4857,6589,5447,4920,2712,3505,2807,2533,7951,7702,6568,6397,3423,3907,3261,2821,257,329,281,437,683,488,1965,1523,1651,1338,3889,2955,3407,2882,4416,4664,5054,2320,2531,2487,6785,6434,5356,2350,2274,2206,9623,8980,2623,2602,1219,1593,1381,1477,2916,3149,3421,3296,5073,5787,4213,2584,2663,2254,6802,7858,7906,2899,3188,3091,18486,19460,17621,3756,3838,3474,1137,1065,983,1102,1039,1013,9914,13690,9216,3285,3841,3048,12001,9302,10494,3870,3245,3469,9917,7446,8908,2821,2304,2736,6844,6853,4932,2695,2825,2181,6447,5607,5589,2561,2273,2000,10062,9020,7243,3398,3141,2568,1709,1477,1250,1837,3532,2993,2620,3688,6983,7572,6684,2571,2915,2690,10850,9968,8498,3479,3140,2774,732,1206,598,2885,3432,2582,5276,5744,5682,1915,2199,2452
19,190,5261,7120,5895,5295,2840,3625,2914,2631,8564,8430,7121,6893,3558,4075,3404,2940,257,331,278,442,692,500,2370,1845,2002,1617,4027,3065,3535,3012,4771,5033,5415,2415,2641,2599,7813,7422,6218,2461,2395,2328,11090,10382,2741,2723,1469,1930,1676,1778,3027,3275,3555,3445,5560,6260,4597,2718,2791,2350,7537,8612,8652,3021,3325,3227,21206,22263,20195,3889,3969,3610,1234,1157,1054,1138,1063,1033,11489,15759,10714,3420,3991,3188,13441,10452,11772,4042,3387,3636,11037,8281,9938,2919,2399,2829,7559,7584,5593,2843,2974,2288,7494,6513,6467,2681,2391,2109,11476,10285,8232,3555,3280,2680,2044,1765,1490,2206,3677,3112,2732,3833,7765,8439,7464,2713,3075,2849,12491,11420,9705,3642,3283,2898,893,1474,722,3036,3592,2709,5977,6533,6474,2026,2332,2597
20,200,5615,7585,6310,5645,2955,3752,3022,2731,9066,9110,7624,7355,3691,4249,3538,3056,254,325,276,447,705,508,2821,2201,2383,1925,4165,3183,3660,3129,5126,5381,5726,2516,2745,2705,8928,8454,7145,2572,2509,2452,12636,11852,2857,2848,1751,2315,2013,2103,3141,3404,3687,3592,6007,6711,4903,2843,2927,2431,8240,9336,9370,3145,3459,3362,24040,25234,22895,4023,4100,3733,1337,1253,1130,1179,1098,1067,13179,17962,12299,3558,4164,3332,14932,11587,13073,4223,3536,3792,12223,9125,10960,3017,2467,2918,8226,8287,6275,2987,3138,2417,8630,7469,7398,2804,2500,2214,12968,11577,9273,3717,3409,2795,2407,2082,1753,2588,3820,3233,2839,3970,8516,9306,8216,2860,3248,3001,14231,13002,11005,3825,3438,3020,1098,1790,865,3185,3738,2850,6702,7314,7280,2128,2461,2734
21,210,5963,8056,6715,5978,3077,3877,3122,2831,9555,9747,8102,7767,3819,4406,3655,3176,253,325,276,453,706,521,3325,2593,2814,2258,4294,3295,3778,3253,5455,5714,6024,2614,2864,2818,10085,9555,8137,2688,2626,2566,14307,13426,2973,2970,2070,2732,2385,2461,3254,3520,3830,3734,6445,7119,5250,2966,3046,2532,8947,10034,10046,3265,3586,3497,26988,28384,25730,4147,4229,3856,1440,1358,1203,1205,1131,1091,14995,20284,13993,3704,4316,3468,16351,12723,14347,4393,3666,3954,13398,9977,11981,3112,2546,3000,8881,8941,6952,3129,3288,2535,9830,8474,8419,2913,2603,2311,14542,12947,10383,3876,3545,2909,2807,2425,2046,3013,3957,3334,2951,4106,9209,10128,8957,2973,3404,3150,16070,14635,12393,3983,3581,3154,1336,2146,1042,3334,3886,2978,7406,8077,8082,2234,2575,2862
22,220,6286,8503,7081,6285,3192,4002,3219,2925,10002,10372,8567,8165,3947,4554,3782,3283,251,319,277,458,718,528,3867,3036,3280,2633,4436,3404,3895,3380,5785,6028,6290,2722,2966,2918,11335,10718,9197,2809,2747,2688,16076,15108,3091,3091,2423,3193,2802,2845,3366,3644,3961,3875,6871,7500,5550,3099,3179,2629,9638,10699,10670,3383,3720,3630,29962,31536,28680,4258,4342,3971,1542,1454,1287,1242,1163,1122,16936,22712,15816,3834,4471,3599,17740,13849,15626,4550,3796,4102,14588,10833,13039,3210,2622,3087,9486,9521,7630,3275,3420,2651,11138,9552,9505,3032,2707,2424,16153,14379,11559,4019,3686,3025,3238,2782,2365,3471,4088,3452,3064,4261,9874,10871,9651,3108,3550,3299,17943,16306,13829,4139,3714,3279,1620,2544,1242,3491,4027,3114,8132,8781,8921,2343,2693,2994
23,230,6597,8919,7443,6570,3300,4120,3315,3027,10414,10926,9013,8535,4067,4687,3911,3397,250,320,275,459,725,540,4451,3510,3791,3029,4571,3516,4007,3499,6088,6328,6537,2814,3068,3021,12648,11921,10319,2919,2856,2805,17932,16845,3204,3208,2814,3686,3259,3258,3467,3755,4095,4014,7266,7854,5863,3218,3310,2728,10291,11341,11264,3500,3845,3755,33134,34806,31799,4376,4454,4087,1642,1560,1362,1271,1187,1143,18994,25267,17752,3965,4617,3742,19055,14979,16868,4683,3940,4266,15820,11704,14089,3293,2697,3171,10048,10078,8253,3419,3562,2758,12537,10738,10673,3146,2818,2543,17851,15867,12761,4189,3816,3143,3685,3182,2695,3972,4211,3568,3171,4402,10495,11598,10292,3240,3697,3440,19897,18045,15337,4290,3859,3401,1944,2973,1475,3631,4159,3239,8839,9504,9688,2450,2814,3113
24,240,6885,9332,7760,6825,3407,4237,3407,3098,10795,11428,9432,8862,4194,4832,4036,3496,252,318,272,462,734,548,5076,4000,4329,3457,4698,3601,4115,3618,6368,6587,6759,2912,3172,3134,14014,13131,11498,3038,2962,2916,19861,18644,3319,3326,3229,4214,3750,3696,3561,3856,4220,4147,7624,8199,6167,3343,3441,2840,10937,11949,11799,3616,3980,3872,36370,38190,34946,4483,4550,4209,1746,1662,1444,1303,1214,1175,21113,27954,19784,4094,4770,3874,20305,16079,18070,4829,4064,4413,17044,12568,15124,3383,2767,3246,10555,10537,8838,3555,3680,2862,14012,11998,11899,3258,2923,2651,19597,17389,14014,4340,3950,3257,4168,3595,3049,4479,4319,3673,3274,4540,11029,12249,10867,3352,3847,3579,21905,19854,16880,4444,3988,3526,2313,3430,1735,3786,4282,3371,9517,10204,10439,2565,2943,3227
25,250,7166,9717,8067,7056,3531,4364,3499,3184,11125,11895,9812,9143,4297,4950,4149,3603,252,314,270,467,738,555,5747,4511,4887,3887,4819,3691,4221,3726,6632,6836,6960,3007,3262,3226,15441,14369,12709,3146,3062,3026,21830,20526,3429,3444,3686,4770,4273,4149,3659,3961,4347,4290,7950,8482,6445,3445,3560,2942,11546,12516,12298,3727,4096,3989,39582,41670,38161,4568,4659,4315,1855,1759,1525,1333,1241,1200,23315,30719,21880,4210,4925,4004,21518,17165,19240,4958,4183,4545,18276,13443,16167,3466,2828,3317,11035,10980,9420,3689,3817,2971,15568,13309,13161,3383,3039,2755,21346,18870,15282,4496,4064,3378,4673,4022,3423,5006,4450,3773,3363,4668,11526,12864,11412,3480,3989,3700,23917,21702,18467,4588,4129,3642,2726,3923,2033,3935,4418,3495,10179,10875,11138,2673,3071,3340
26,260,7415,10077,8365,7312,3629,4473,3586,3271,11445,12336,10171,9423,4413,5068,4262,3691,245,315,270,470,744,560,6443,5047,5490,4344,4945,3775,4328,3839,6873,7064,7140,3096,3359,3330,16915,15652,13988,3258,3162,3136,23865,22439,3529,3553,4156,5359,4823,4614,3751,4066,4472,4420,8260,8734,6694,3565,3691,3045,12139,13038,12748,3851,4210,4095,42915,45206,41486,4679,4759,4427,1961,1866,1614,1361,1271,1231,25626,33526,24065,4339,5067,4123,22695,18195,20275,5112,4310,4689,19496,14273,17192,3557,2893,3388,11446,11414,9978,3822,3946,3080,17256,14704,14489,3495,3153,2850,23142,20382,16563,4644,4184,3473,5195,4464,3803,5538,4582,3866,3467,4789,12000,13425,11918,3610,4135,3842,25976,23614,20032,4721,4250,3734,3196,4451,2357,4076,4548,3616,10818,11505,11861,2781,3194,3467
27,270,7641,10412,8636,7515,3738,4599,3680,3352,11714,12735,10495,9663,4522,5200,4382,3788,247,311,266,472,742,568,7173,5609,6101,4815,5071,3869,4423,3952,7105,7280,7305,3190,3456,3428,18390,16930,15254,3369,3243,3242,25944,24447,3637,3656,4648,5976,5412,5120,3845,4173,4588,4551,8546,8966,6933,3679,3793,3153,12695,13498,13128,3961,4314,4209,46300,48765,44809,4766,4869,4526,2064,1970,1706,1392,1293,1265,28054,36433,26311,4463,5206,4240,23789,19199,21295,5244,4426,4808,20760,15106,18160,3642,2961,3451,11779,11804,10511,3929,4088,3186,18939,16146,15845,3599,3247,2952,24942,21903,17843,4788,4299,3576,5739,4919,4199,6107,4682,3966,3563,4916,12433,13901,12393,3725,4258,3979,28094,25491,21637,4860,4374,3861,3692,5017,2706,4226,4672,3741,11390,12082,12547,2893,3312,3577
28,280,7850,10719,8878,7707,3853,4709,3761,3438,11948,13105,10809,9886,4638,5313,4491,3894,248,309,268,475,750,579,7903,6188,6725,5302,5185,3956,4518,4059,7287,7487,7450,3282,3554,3519,19882,18274,16574,3488,3357,3340,28062,26419,3733,3762,5171,6613,6020,5597,3932,4262,4715,4689,8802,9146,7155,3794,3899,3266,13232,13944,13492,4069,4428,4313,49660,52318,48078,4854,4947,4623,2167,2076,1788,1414,1320,1291,30492,39358,28635,4575,5352,4374,24807,20172,22286,5372,4544,4939,21957,15962,19118,3718,3019,3503,12070,12165,11007,4059,4214,3306,20702,17657,17283,3709,3364,3053,26745,23437,19142,4938,4414,3695,6290,5361,4595,6658,4800,4055,3646,5033,12811,14272,12839,3856,4371,4114,30222,27398,23269,5000,4495,3964,4235,5602,3096,4372,4798,3865,11923,12627,13176,2999,3444,3689
29,290,8049,11004,9100,7888,3944,4821,3850,3521,12170,13475,11094,10084,4746,5451,4609,3987,246,309,268,476,764,590,8648,6794,7356,5790,5277,4038,4611,4158,7464,7657,7579,3354,3649,3620,21416,19644,17907,3589,3452,3443,30240,28447,3840,3871,5707,7257,6649,6118,4016,4362,4833,4809,9039,9273,7355,3905,4003,3365,13710,14365,13811,4176,4551,4409,53047,55829,51465,4946,5039,4718,2261,2182,1885,1445,1350,1326,33016,42294,31037,4698,5470,4489,25804,21070,23154,5509,4657,5080,23165,16801,20095,3800,3087,3572,12391,12466,11498,4177,4364,3407,22562,19185,18723,3820,3464,3146,28543,24977,20427,5071,4528,3795,6850,5845,4997,7227,4914,4148,3729,5139,13164,14609,13226,3981,4490,4245,32347,29308,24948,5124,4609,4075,4828,6208,3511,4509,4911,3992,12426,13112,13782,3106,3571,3812
30,300,8218,11267,9316,8048,4043,4926,3933,3601,12350,13825,11370,10278,4849,5572,4710,4081,244,308,264,479,770,596,9401,7394,8026,6286,5377,4130,4692,4259,7648,7815,7695,3444,3732,3718,22920,21007,19292,3698,3565,3542,32441,30517,3937,3972,6276,7933,7309,6637,4101,4461,4940,4932,9251,9420,7542,4003,4118,3465,14194,14720,14120,4290,4642,4517,56386,59173,54865,5034,5116,4826,2370,2289,1977,1473,1372,1350,35578,45219,33462,4803,5594,4610,26659,21931,24029,5640,4762,5191,24365,17638,21100,3862,3145,3638,12643,12772,11950,4308,4496,3517,24451,20790,20195,3922,3563,3241,30355,26550,21704,5212,4646,3894,7424,6317,5407,7800,5010,4238,3806,5267,13493,14913,13587,4101,4607,4380,34420,31211,26633,5256,4732,4188,5451,6829,3944,4656,5026,4104,12883,13542,14340,3208,3689,3936
31,310,8389,11508,9504,8207,4142,5036,4012,3678,12522,14120,11621,10454,4956,5699,4819,4178,240,305,267,481,779,603,10160,8017,8689,6784,5467,4214,4788,4359,7803,7984,7788,3524,3831,3815,24477,22405,20715,3799,3660,3645,34640,32612,4034,4064,6846,8621,7971,7143,4188,4551,5065,5045,9456,9559,7718,4118,4222,3571,14604,15050,14402,4397,4746,4621,59707,62547,58181,5104,5189,4917,2473,2400,2068,1500,1405,1380,38182,48220,35987,4928,5716,4725,27462,22732,24779,5758,4870,5321,25483,18456,22086,3933,3204,3700,12897,13027,12358,4438,4622,3630,26370,22431,21701,4028,3666,3331,32117,28080,23030,5338,4763,3997,7979,6795,5826,8371,5107,4332,3897,5362,13760,15256,13917,4206,4738,4502,36584,33066,28309,5385,4833,4297,6109,7460,4411,4800,5147,4220,13286,13910,14849,3315,3809,4047
32,320,8536,11721,9699,8348,4240,5142,4094,3757,12673,14430,11856,10604,5049,5834,4928,4268,243,304,263,485,780,607,10919,8652,9357,7285,5564,4298,4863,4460,7948,8113,7876,3613,3922,3887,25962,23785,22108,3893,3754,3738,36810,34699,4124,4158,7449,9299,8660,7667,4270,4636,5170,5155,9632,9707,7867,4226,4334,3673,14995,15365,14649,4494,4845,4717,62942,66061,61501,5172,5272,4997,2585,2496,2153,1525,1423,1408,40823,51128,38487,5029,5826,4828,28102,23496,25450,5847,4976,5430,26562,19299,23033,3998,3259,3762,13103,13245,12738,4557,4753,3721,28303,24095,23166,4124,3757,3413,33846,29559,24377,5473,4863,4100,8555,7286,6237,8933,5185,4420,3977,5471,13997,15530,14190,4327,4864,4626,38731,34959,29985,5513,4944,4393,6806,8121,4893,4937,5263,4340,13629,14272,15350,3401,3919,4168
33,330,8671,11938,9857,8474,4331,5247,4172,3829,12798,14690,12077,10724,5136,5958,5030,4362,241,303,260,484,791,615,11669,9308,10053,7786,5650,4379,4950,4558,8078,8236,7942,3697,4008,3981,27482,25147,23494,3990,3845,3826,39009,36811,4218,4256,8058,10008,9369,8174,4356,4729,5279,5260,9802,9797,8018,4317,4440,3764,15373,15647,14900,4592,4935,4816,66287,69654,64835,5260,5353,5075,2686,2605,2249,1553,1450,1434,43485,54067,41010,5127,5937,4942,28719,24226,26077,5959,5082,5539,27648,20106,23991,4052,3312,3819,13302,13435,13078,4681,4874,3830,30318,25822,24704,4218,3866,3499,35545,31101,25659,5597,4974,4200,9084,7761,6663,9508,5266,4501,4054,5578,14205,15740,14444,4437,4974,4753,40851,36860,31674,5635,5050,4493,7523,8788,5413,5072,5376,4461,13952,14598,15815,3500,4030,4284
34,340,8767,12103,10023,8613,4424,5347,4251,3911,12879,14961,12269,10855,5222,6083,5126,4437,236,304,260,486,800,622,12450,9936,10733,8275,5743,4452,5030,4643,8205,8353,7999,3777,4097,4059,28964,26496,24942,4083,3940,3922,41196,38910,4295,4339,8665,10698,10075,8696,4427,4815,5385,5366,9954,9887,8134,4423,4538,3861,15723,15903,15116,4692,5033,4907,69553,73186,68120,5319,5442,5173,2800,2724,2340,1581,1473,1468,46052,57037,43545,5227,6054,5033,29312,24921,26604,6076,5169,5639,28733,20916,24960,4120,3369,3878,13442,13645,13413,4778,4996,3941,32364,27579,26248,4313,3965,3577,37239,32612,26965,5725,5083,4302,9627,8234,7074,10080,5349,4585,4132,5678,14373,15972,14648,4547,5100,4864,42975,38615,33285,5758,5136,4587,8265,9466,5940,5212,5484,4578,14219,14859,16233,3597,4142,4397
35,350,8893,12265,10142,8712,4517,5441,4325,3994,12983,15177,12441,10938,5327,6201,5231,4519,238,301,256,489,812,631,13199,10571,11414,8774,5824,4529,5114,4741,8293,8463,8048,3854,4177,4138,30452,27814,26382,4186,4021,4027,43296,40981,4379,4429,9278,11381,10786,9205,4508,4896,5496,5472,10085,9977,8237,4523,4648,3954,16021,16137,15275,4785,5127,5022,72906,76622,71307,5407,5519,5249,2911,2839,2426,1612,1501,1493,48614,59978,46017,5306,6161,5126,29919,25505,27112,6199,5267,5741,29788,21689,25895,4182,3421,3941,13559,13751,13704,4900,5109,4041,34449,29340,27773,4411,4052,3663,38786,34088,28200,5838,5187,4403,10174,8712,7488,10655,5440,4673,4205,5784,14508,16121,14822,4649,5202,4976,44998,40343,34887,5875,5238,4680,9040,10153,6500,5353,5597,4697,14462,15067,16603,3686,4254,4512
36,360,8983,12409,10277,8815,4605,5532,4415,4062,13095,15386,12599,10991,5411,6322,5323,4588,237,300,258,496,820,634,13973,11235,12089,9268,5900,4607,5199,4825,8398,8558,8100,3929,4258,4213,31903,29130,27848,4264,4120,4129,45438,43053,4462,4519,9900,12067,11504,9711,4581,4965,5594,5575,10198,10032,8317,4618,4734,4046,16302,16346,15441,4879,5211,5099,76243,79967,74525,5475,5583,5329,3022,2947,2522,1639,1529,1512,51202,62919,48586,5400,6265,5235,30464,26095,27568,6309,5351,5848,30783,22473,26835,4230,3473,4003,13680,13885,13973,5008,5230,4130,36537,31082,29327,4498,4131,3742,40327,35531,29430,5941,5291,4496,10734,9183,7900,11206,5524,4751,4279,5882,14630,16252,14978,4748,5310,5084,47047,42074,36493,5988,5322,4775,9825,10829,7061,5481,5711,4812,14699,15316,16967,3776,4368,4636
37,370,9079,12522,10409,8910,4692,5627,4483,4131,13178,15584,12758,11058,5511,6447,5419,4671,237,303,258,499,831,640,14724,11855,12767,9738,5993,4690,5265,4912,8479,8645,8157,4004,4341,4302,33318,30475,29330,4360,4209,4225,47528,45154,4540,4609,10521,12740,12240,10208,4654,5039,5699,5672,10286,10077,8400,4712,4831,4130,16600,16531,15589,4978,5301,5183,79482,83236,77637,5559,5665,5410,3151,3061,2614,1670,1551,1540,53761,65793,51148,5492,6375,5332,30922,26626,27939,6428,5446,5934,31772,23244,27749,4287,3530,4063,13793,13992,14204,5119,5342,4232,38690,32820,30852,4607,4216,3822,41767,36959,30624,6056,5399,4586,11289,9637,8299,11751,5608,4832,4345,5979,14713,16408,15149,4843,5430,5195,49056,43752,38019,6108,5421,4858,10638,11518,7634,5611,5814,4925,14891,15465,17293,3864,4453,4749
38,380,9155,12650,10515,8997,4785,5720,4556,4204,13235,15746,12896,11129,5601,6570,5516,4751,235,302,256,503,840,652,15449,12493,13439,10208,6063,4753,5343,4993,8571,8718,8190,4088,4416,4395,34710,31815,30753,4449,4302,4313,49539,47185,4609,4684,11177,13426,12965,10703,4732,5119,5801,5776,10374,10123,8487,4803,4936,4221,16827,16699,15705,5069,5375,5271,82648,86551,80640,5633,5736,5472,3260,3178,2706,1697,1576,1574,56396,68635,53705,5578,6472,5417,31367,27130,28303,6538,5536,6043,32828,23982,28703,4348,3577,4117,13858,14083,14472,5220,5455,4330,40910,34617,32400,4703,4308,3905,43149,38341,31872,6143,5494,4681,11831,10093,8701,12296,5693,4908,4415,6081,14792,16536,15268,4938,5528,5306,51017,45439,39553,6217,5512,4941,11471,12207,8234,5755,5924,5034,15063,15609,17587,3953,4558,4862
39,390,9234,12763,10620,9080,4863,5801,4640,4279,13311,15929,12985,11191,5692,6687,5607,4821,235,302,253,506,850,657,16152,13113,14122,10658,6136,4827,5418,5070,8632,8788,8234,4153,4496,4479,36121,33070,32133,4539,4387,4400,51523,49146,4689,4759,11810,14099,13688,11171,4809,5207,5896,5864,10442,10162,8557,4891,5029,4317,17050,16873,15804,5178,5466,5356,85668,89652,83656,5684,5807,5560,3377,3296,2801,1731,1603,1598,59060,71454,56256,5664,6579,5509,31758,27570,28641,6651,5617,6138,33771,24711,29607,4396,3620,4182,13909,14162,14669,5314,5557,4433,43170,36422,33956,4794,4396,3969,44522,39693,33034,6246,5608,4773,12367,10540,9083,12821,5771,4977,4482,6178,14870,16611,15411,5027,5628,5415,52932,47069,40945,6320,5599,5014,12283,12899,8829,5877,6030,5145,15198,15756,17853,4037,4660,4968
40,400,9299,12856,10701,9149,4954,5899,4706,4357,13365,16076,13082,11229,5778,6799,5680,4890,236,299,251,506,864,658,16843,13698,14758,11107,6207,4893,5497,5157,8694,8852,8255,4228,4572,4538,37447,34361,33491,4621,4485,4476,53598,51047,4767,4834,12421,14769,14412,11651,4878,5267,5997,5954,10515,10195,8619,4985,5113,4408,17251,16994,15881,5259,5559,5430,88502,92664,86696,5749,5868,5632,3506,3423,2898,1764,1629,1616,61597,74063,58816,5750,6653,5610,32093,27943,28931,6772,5697,6219,34727,25396,30494,4457,3664,4240,13946,14210,14858,5408,5656,4536,45359,38198,35484,4891,4483,4045,45829,40981,34175,6341,5699,4856,12873,10989,9467,13334,5849,5053,4549,6279,14912,16679,15487,5120,5712,5523,54773,48651,42329,6423,5680,5094,13131,13567,9433,6009,6124,5260,15322,15896,18091,4122,4761,5080
41,410,9361,12935,10769,9204,5031,5984,4777,4415,13414,16205,13180,11276,5861,6928,5779,4974,234,300,249,511,879,668,17535,14288,15401,11545,6278,4946,5567,5230,8739,8887,8278,4306,4655,4613,38757,35600,34817,4707,4570,4561,55596,52951,4841,4898,13072,15433,15112,12123,4952,5349,6097,6053,10573,10223,8692,5063,5201,4501,17435,17115,15976,5353,5635,5512,91506,95581,89574,5799,5938,5696,3617,3533,2986,1795,1654,1644,64176,76654,61253,5843,6747,5688,32410,28332,29197,6868,5786,6326,35661,26102,31370,4506,3707,4292,13980,14266,15026,5506,5771,4626,47602,40004,36949,4984,4570,4116,47129,42243,35251,6449,5797,4950,13365,11406,9833,13849,5924,5123,4614,6363,14975,16715,15586,5208,5832,5622,56614,50198,43682,6525,5760,5167,13988,14235,10036,6129,6225,5354,15451,16002,18279,4209,4864,5176
42,420,9415,13025,10839,9264,5128,6072,4847,4482,13472,16346,13275,11328,5957,7031,5873,5045,236,300,253,517,890,677,18181,14872,16053,11959,6359,5028,5640,5316,8800,8941,8307,4379,4731,4700,40006,36784,36124,4798,4651,4644,57585,54914,4921,4985,13682,16052,15830,12571,5025,5404,6189,6152,10616,10257,8741,5146,5294,4584,17607,17233,16044,5430,5709,5595,94434,98514,92381,5878,5997,5771,3739,3662,3081,1821,1684,1666,66718,79181,63735,5924,6819,5787,32691,28650,29350,6981,5860,6399,36609,26801,32211,4562,3757,4349,14008,14330,15193,5596,5886,4718,49848,41783,38415,5080,4652,4187,48330,43486,36313,6544,5893,5037,13878,11803,10189,14335,6009,5191,4685,6459,15006,16785,15661,5295,5921,5726,58400,51540,45089,6633,5839,5247,14840,14890,10650,6248,6318,5470,15559,16111,18472,4293,4967,5290
43,430,9458,13070,10901,9317,5199,6154,4924,4553,13492,16455,13351,11359,6047,7146,5938,5106,235,297,246,519,902,688,18861,15428,16649,12364,6431,5089,5714,5391,8826,8975,8319,4447,4795,4781,41269,37953,37411,4882,4729,4730,59552,56811,4986,5065,14305,16673,16518,13012,5096,5475,6280,6231,10664,10295,8787,5238,5390,4667,17740,17320,16086,5523,5801,5668,97268,101378,95042,5934,6057,5834,3858,3789,3178,1848,1711,1689,69220,81644,66181,6002,6909,5878,32949,28917,29575,7080,5932,6481,37502,27523,33054,4619,3804,4410,14018,14372,15339,5693,5975,4816,52064,43581,39855,5173,4734,4257,49511,44659,37383,6631,5987,5118,14351,12210,10540,14838,6077,5262,4746,6555,15012,16799,15744,5380,6006,5832,60177,53041,46448,6743,5928,5328,15717,15528,11267,6381,6413,5573,15652,16185,18648,4382,5069,5400
44,440,9503,13123,10965,9353,5293,6236,4981,4617,13504,16543,13421,11355,6116,7258,6034,5174,234,298,249,525,912,691,19498,15981,17244,12757,6493,5151,5780,5460,8882,9002,8337,4515,4865,4854,42454,39008,38667,4970,4806,4806,61447,58741,5053,5144,14893,17286,17205,13428,5166,5556,6375,6322,10708,10292,8831,5326,5468,4763,17888,17394,16122,5603,5871,5738,100152,104283,97847,5991,6127,5905,3980,3912,3276,1882,1743,1721,71722,84061,68621,6086,6978,5963,33139,29195,29762,7182,6012,6578,38436,28278,33893,4673,3857,4467,14024,14401,15486,5765,6080,4923,54240,45273,41337,5262,4801,4330,50621,45793,38365,6722,6088,5216,14774,12578,10884,15297,6138,5332,4805,6650,15065,16843,15806,5479,6101,5933,61839,54431,47738,6840,6007,5406,16550,16170,11873,6499,6506,5678,15720,16243,18796,4451,5160,5507
45,450,9549,13161,11011,9386,5370,6314,5055,4685,13536,16632,13468,11378,6199,7374,6112,5236,233,299,248,525,927,705,20113,16499,17827,13147,6564,5207,5838,5531,8907,9029,8362,4584,4938,4927,43574,40056,39876,5051,4886,4881,63302,60556,5136,5210,15498,17877,17879,13848,5225,5606,6470,6403,10763,10274,8873,5414,5526,4855,18008,17492,16154,5695,5953,5808,102850,106766,100330,6059,6177,5964,4102,4051,3375,1911,1765,1754,74103,86425,71069,6172,7062,6040,33339,29445,29919,7283,6083,6667,39304,28962,34738,4736,3900,4519,13993,14445,15596,5840,6181,5018,56444,47048,42816,5346,4887,4385,51700,46881,39307,6824,6175,5289,15215,12973,11220,15729,6199,5396,4872,6740,15083,16879,15856,5562,6199,6032,63515,55796,49064,6929,6090,5485,17408,16775,12471,6616,6599,5778,15805,16297,18935,4530,5244,5606
46,460,9590,13214,11055,9420,5467,6395,5120,4740,13563,16725,13528,11379,6289,7469,6194,5295,234,295,247,532,937,712,20716,17010,18384,13505,6633,5247,5902,5612,8948,9052,8383,4648,5008,4995,44590,41099,41086,5117,4962,4967,65120,62367,5196,5285,16079,18420,18550,14244,5298,5673,6555,6477,10812,10245,8912,5499,5583,4937,18133,17538,16179,5778,6017,5871,105281,109309,103033,6105,6227,6037,4236,4189,3480,1943,1797,1774,76445,88691,73399,6249,7143,6127,33513,29640,30064,7383,6158,6752,40128,29644,35511,4785,3951,4576,13970,14477,15693,5916,6282,5104,58616,48796,44249,5429,4963,4472,52797,47956,40198,6915,6263,5368,15640,13311,11556,16148,6248,5451,4929,6812,15126,16957,15886,5658,6307,6131,65024,57014,50298,7032,6156,5564,18280,17394,13080,6732,6693,5883,15843,16339,19050,4615,5333,5713
47,470,9616,13234,11111,9475,5534,6477,5187,4807,13568,16796,13568,11381,6349,7598,6276,5362,233,295,246,534,952,717,21283,17494,18883,13847,6703,5311,5951,5674,8968,9084,8378,4717,5075,5067,45683,42061,42269,5191,5032,5042,66844,64096,5254,5361,16641,18960,19193,14652,5353,5718,6642,6569,10841,10227,8937,5589,5661,5025,18230,17600,16202,5853,6096,5940,107718,110793,105387,6156,6277,6101,4354,4327,3583,1976,1828,1810,78841,90772,75747,6326,7204,6215,33682,29839,30182,7473,6235,6839,40980,30300,36316,4844,4001,4633,13980,14491,15807,5987,6374,5201,60762,50531,45626,5521,5040,4529,53783,48924,41066,7008,6340,5442,15988,13638,11860,16563,6300,5503,4980,6897,15143,16951,15936,5735,6396,6213,66487,58281,51564,7111,6220,5629,19112,17991,13679,6844,6772,5985,15894,16364,19126,4686,5419,5796
48,480,9662,13259,11135,9476,5624,6542,5255,4876,13596,16854,13624,11405,6435,7704,6355,5427,232,295,247,538,968,729,21887,17962,19385,14178,6767,5357,6008,5737,8993,9095,8384,4779,5143,5138,46633,43010,43398,5263,5122,5122,68520,65843,5320,5434,17201,19486,19834,15016,5421,5775,6740,6633,10869,10211,8968,5678,5730,5097,18319,17655,16218,5940,6176,6022,110185,113142,107791,6208,6312,6162,4493,4471,3693,2013,1862,1835,81116,92826,78044,6411,7281,6305,33831,30022,30293,7578,6306,6920,41768,30953,37087,4898,4042,4680,13955,14520,15889,6077,6468,5292,62803,52230,46999,5597,5113,4595,54795,49904,41932,7105,6431,5520,16337,13973,12167,16968,6348,5571,5040,6979,15161,17001,15950,5828,6506,6294,67686,59384,52712,7185,6305,5711,19962,18555,14251,6959,6854,6078,15934,16417,19210,4766,5512,5895
49,490,9674,13281,11169,9512,5697,6616,5321,4930,13608,16922,13657,11416,6499,7816,6431,5487,233,291,245,542,975,737,22393,18403,19864,14480,6837,5411,6060,5797,8993,9088,8398,4845,5185,5198,47562,43947,44548,5332,5188,5210,70094,67496,5378,5491,17750,20008,20445,15375,5486,5839,6825,6709,10905,10200,8979,5754,5784,5190,18396,17689,16232,6012,6245,6079,111813,115328,110078,6256,6360,6216,4619,4628,3804,2036,1889,1864,83350,94961,80260,6480,7342,6371,33920,30152,30363,7652,6364,6993,42528,31602,37830,4938,4090,4733,13944,14539,15951,6148,6577,5386,64867,53822,48366,5669,5185,4660,55748,50842,42722,7196,6499,5597,16672,14281,12449,17356,6400,5624,5098,7059,15199,17029,15954,5921,6572,6390,69002,60473,53832,7270,6370,5775,20783,19111,14828,7065,6941,6162,15976,16414,19270,4846,5596,5981
50,500,9692,13292,11207,9544,5764,6692,5382,4996,13625,16974,13685,11415,6571,7915,6513,5551,229,295,244,545,982,748,22906,18879,20342,14774,6896,5476,6123,5862,9006,9092,8403,4902,5248,5269,48451,44771,45657,5420,5261,5295,71651,69115,5436,5554,18276,20477,21048,15711,5543,5887,6899,6775,10936,10167,9004,5834,5865,5260,18440,17718,16217,6096,6303,6137,114061,117210,111739,6308,6409,6276,4733,4765,3911,2059,1919,1901,85536,96871,82415,6541,7416,6448,34001,30293,30412,7758,6439,7079,43311,32227,38519,4984,4140,4780,13914,14546,16035,6220,6662,5471,66787,55448,49640,5746,5253,4733,56607,51644,43497,7283,6591,5674,17004,14574,12713,17705,6431,5682,5149,7144,15207,17022,15982,5992,6686,6474,70194,61644,54913,7332,6438,5845,21605,19653,15392,7180,7022,6254,16020,16450,19320,4919,5671,6084
51,510,9710,13296,11218,9555,5848,6769,5444,5054,13626,17034,13726,11429,6654,8019,6591,5608,233,294,245,550,1005,757,23386,19311,20791,15053,6965,5522,6169,5920,9031,9096,8403,4972,5320,5324,49236,45676,46780,5485,5323,5376,73205,70636,5496,5605,18796,20895,21600,16033,5606,5926,6986,6846,10940,10155,9029,5919,5917,5333,18516,17772,16225,6168,6373,6199,116330,119324,113919,6351,6438,6344,4859,4916,4031,2089,1945,1924,87642,98805,84543,6617,7496,6530,34093,30393,30474,7853,6504,7145,44045,32874,39230,5038,4182,4823,13900,14563,16095,6289,6758,5561,68756,56884,50952,5811,5320,4800,57499,52421,44203,7379,6660,5737,17352,14859,12965,18042,6498,5734,5199,7210,15191,17050,15980,6074,6775,6556,71405,62678,55961,7408,6513,5919,22419,20165,15959,7280,7105,6349,16045,16448,19386,4985,5750,6173
52,520,9739,13306,11242,9583,5923,6828,5515,5116,13643,17069,13751,11421,6728,8125,6655,5674,232,292,237,555,1021,773,23876,19705,21216,15327,7011,5569,6211,5976,9057,9109,8414,5038,5384,5389,50027,46482,47780,5547,5404,5454,74639,72126,5551,5678,19289,21336,22182,16358,5657,5982,7068,6919,10981,10152,9041,6012,5986,5421,18564,17785,16216,6246,6439,6250,118329,121167,116003,6395,6489,6397,4980,5079,4139,2118,1971,1958,89767,100678,86662,6703,7547,6606,34159,30459,30495,7939,6567,7220,44817,33519,39920,5094,4231,4881,13878,14546,16160,6366,6828,5647,70635,58449,52199,5882,5388,4857,58360,53190,44874,7465,6729,5812,17685,15132,13204,18365,6547,5792,5247,7281,15197,17063,16009,6141,6850,6637,72552,63666,56950,7499,6578,5993,23241,20668,16508,7375,7188,6442,16058,16454,19437,5062,5829,6257
53,530,9726,13300,11272,9589,5999,6892,5575,5177,13629,17106,13755,11435,6799,8224,6733,5724,229,291,243,564,1034,779,24291,20100,21645,15562,7075,5611,6278,6040,9057,9114,8399,5097,5435,5462,50720,47184,48705,5604,5473,5537,76003,73549,5603,5742,19755,21746,22720,16640,5720,6035,7150,6992,10976,10119,9043,6080,6056,5489,18606,17801,16222,6331,6502,6311,120394,122953,118039,6444,6520,6455,5107,5240,4255,2148,2006,1989,91769,102372,88667,6766,7621,6691,34197,30543,30543,8027,6623,7298,45558,34126,40568,5154,4278,4929,13872,14575,16194,6435,6930,5743,72542,59907,53407,5963,5448,4926,59161,53915,45466,7546,6805,5884,17983,15388,13447,18660,6616,5844,5292,7358,15178,17071,16006,6213,6937,6729,73691,64618,57948,7583,6643,6059,24037,21144,17080,7483,7253,6533,16092,16445,19487,5123,5901,6344
54,540,9739,13303,11294,9605,6056,6960,5626,5229,13645,17123,13777,11429,6865,8316,6809,5787,231,293,240,566,1049,791,24722,20470,22017,15815,7128,5665,6321,6089,9066,9112,8407,5158,5498,5509,51430,47883,49672,5669,5535,5605,77325,74930,5664,5793,20239,22174,23194,16948,5790,6077,7214,7047,10985,10131,9055,6156,6122,5565,18648,17800,16204,6402,6557,6372,122243,124658,120073,6480,6557,6493,5237,5392,4356,2168,2035,2016,93757,104214,90746,6839,7684,6765,34252,30575,30563,8097,6674,7360,46262,34689,41244,5198,4325,4976,13853,14557,16267,6509,7003,5825,74398,61381,54581,6028,5518,4981,59856,54596,46061,7629,6879,5933,18284,15651,13680,18959,6656,5907,5341,7414,15172,17043,16009,6281,7014,6813,74804,65513,58851,7656,6695,6124,24840,21608,17602,7582,7320,6608,16107,16454,19503,5185,5982,6427
55,550,9749,13296,11301,9625,6131,7034,5688,5295,13645,17153,13790,11426,6930,8426,6873,5846,231,292,240,573,1066,799,25112,20815,22396,16019,7184,5718,6376,6150,9084,9115,8389,5232,5567,5587,51889,48545,50648,5718,5598,5686,78607,76264,5708,5853,20670,22559,23684,17217,5843,6136,7289,7110,10999,10101,9069,6230,6187,5638,18683,17786,16213,6467,6600,6436,124324,126540,121838,6514,6620,6555,5357,5557,4471,2197,2065,2050,95675,105843,92620,6899,7753,6840,34290,30595,30532,8195,6750,7415,46963,35323,41866,5258,4373,5027,13847,14575,16292,6592,7099,5907,76302,62791,55654,6111,5583,5043,60588,55253,46659,7722,6949,5996,18564,15873,13894,19236,6718,5951,5395,7492,15167,17045,16021,6369,7109,6894,75804,66382,59788,7737,6766,6186,25619,22061,18124,7689,7400,6696,16113,16452,19526,5259,6052,6522
56,560,9753,13276,11297,9617,6220,7096,5744,5346,13629,17180,13805,11422,6992,8508,6943,5884,230,293,239,579,1085,813,25463,21149,22746,16244,7237,5764,6413,6197,9080,9114,8404,5286,5634,5641,52533,49105,51478,5777,5667,5756,79817,77429,5746,5895,21116,22939,24149,17478,5892,6181,7355,7188,11017,10089,9082,6317,6249,5719,18720,17763,16189,6548,6655,6487,125711,128265,123574,6546,6656,6610,5492,5713,4575,2227,2096,2076,97547,107432,94578,6962,7822,6929,34318,30644,30516,8272,6799,7482,47694,35910,42474,5299,4422,5066,13838,14556,16320,6667,7179,6002,78108,64218,56727,6187,5654,5100,61228,55835,47140,7790,7018,6061,18866,16098,14080,19483,6796,6006,5442,7558,15173,17038,16028,6430,7182,6985,76740,67149,60618,7798,6818,6263,26391,22472,18641,7784,7479,6770,16129,16448,19519,5325,6129,6608
57,570,9766,13268,11331,9640,6279,7153,5808,5404,13627,17195,13800,11401,7052,8613,7014,5941,231,290,236,584,1092,825,25818,21490,23083,16434,7280,5801,6461,6254,9081,9118,8401,5347,5683,5701,53039,49698,52342,5831,5724,5836,80944,78636,5795,5945,21536,23253,24628,17722,5942,6217,7425,7252,11023,10072,9081,6380,6307,5773,18734,17737,16204,6619,6709,6535,127320,129935,125363,6591,6713,6663,5625,5872,4685,2257,2131,2103,99305,108950,96389,7036,7888,6995,34292,30651,30525,8334,6858,7552,48347,36488,43102,5366,4467,5118,13836,14547,16354,6729,7260,6083,79891,65568,57708,6259,5712,5144,61845,56380,47637,7879,7079,6122,19122,16302,14294,19720,6833,6067,5502,7620,15157,17036,16013,6497,7273,7060,77626,67883,61432,7871,6885,6313,27125,22899,19158,7880,7542,6857,16142,16446,19549,5382,6203,6703
58,580,9775,13277,11324,9643,6344,7227,5855,5455,13637,17218,13826,11374,7114,8708,7070,5975,228,292,236,590,1115,834,26165,21793,23393,16619,7339,5848,6508,6301,9081,9116,8401,5399,5743,5754,53438,50264,53097,5888,5779,5914,81972,79740,5830,5994,21924,23575,25060,17958,5995,6259,7505,7312,11022,10077,9092,6462,6359,5847,18754,17709,16167,6681,6748,6591,129031,131544,127093,6632,6748,6705,5748,6017,4796,2282,2163,2131,101076,110550,98181,7106,7953,7071,34290,30639,30481,8398,6905,7618,49000,37080,43725,5421,4508,5152,13821,14533,16382,6797,7340,6158,81658,66946,58712,6329,5775,5201,62410,56820,48139,7951,7135,6184,19369,16542,14497,19946,6875,6118,5536,7677,15168,17038,16037,6568,7355,7141,78416,68551,62206,7933,6950,6386,27881,23307,19625,7976,7612,6936,16154,16425,19565,5448,6265,6784
59,590,9789,13265,11323,9646,6436,7278,5913,5506,13633,17213,13806,11365,7182,8817,7125,6024,230,292,237,599,1134,848,26486,22100,23692,16788,7396,5889,6545,6357,9092,9122,8399,5462,5806,5812,53913,50732,53896,5925,5830,5982,82932,80833,5873,6042,22310,23897,25480,18188,6047,6310,7582,7379,11033,10072,9083,6531,6426,5908,18769,17702,16159,6758,6800,6645,130409,133031,128485,6669,6779,6755,5864,6167,4916,2308,2190,2164,102711,111471,99970,7155,8019,7148,34177,30629,30503,8457,6958,7689,49599,37664,44303,5463,4566,5212,13794,14530,16401,6863,7400,6243,83298,68230,59603,6404,5843,5246,62875,57269,48622,8021,7202,6254,19588,16708,14665,20166,6943,6163,5587,7746,15143,17050,16028,6644,7410,7210,79223,69266,62968,7989,7000,6443,28567,23669,20074,8072,7683,7005,16150,16434,19588,5513,6329,6876
60,600,9782,13259,11329,9652,6496,7351,5972,5568,13605,17228,13801,11347,7243,8906,7199,6076,230,294,237,603,1150,859,26758,22336,23957,16930,7446,5934,6592,6393,9088,9113,8385,5520,5863,5866,54217,51226,54637,5979,5886,6068,83878,81801,5906,6080,22672,24190,25888,18391,6101,6341,7656,7421,11034,10070,9089,6596,6498,5980,18793,17677,16135,6827,6863,6690,131976,134385,130166,6705,6815,6795,5996,6315,5032,2335,2222,2194,104384,112799,101603,7237,8087,7210,34109,30631,30505,8506,7013,7746,50209,38240,44911,5518,4613,5256,13796,14519,16411,6935,7477,6324,84955,69468,60463,6468,5906,5306,63339,57750,49036,8077,7262,6318,19797,16868,14815,20390,6973,6213,5631,7814,15149,17036,16004,6696,7498,7279,80012,69858,63689,8074,7049,6497,29218,24037,20542,8170,7741,7077,16146,16417,19592,5575,6406,6963
61,610,9794,13248,11326,9657,6574,7412,6021,5611,13622,17238,13797,11326,7301,8996,7256,6112,228,288,235,608,1171,872,27033,22586,24194,17091,7487,5974,6628,6445,9090,9110,8380,5589,5914,5914,54555,51633,55357,6018,5947,6133,84833,82766,5951,6126,22987,24427,26287,18603,6142,6377,7721,7491,11036,10050,9072,6661,6547,6050,18787,17666,16110,6886,6909,6750,133514,135600,131269,6748,6860,6837,6129,6453,5143,2357,2255,2224,105901,114090,103224,7298,8148,7284,33975,30581,30484,8549,7064,7812,50754,38826,45466,5559,4664,5307,13779,14502,16423,6995,7552,6409,86473,70682,61258,6533,5963,5354,63796,58170,49475,8145,7321,6377,19971,17033,14950,20577,7025,6256,5666,7870,15125,17055,15988,6773,7568,7357,80804,70470,64376,8131,7103,6557,29839,24385,21018,8263,7807,7150,16142,16400,19589,5620,6466,7034
62,620,9783,13230,11329,9664,6637,7480,6074,5661,13611,17250,13807,11304,7357,9090,7330,6162,228,288,235,614,1187,885,27307,22815,24438,17222,7537,6009,6665,6487,9085,9105,8373,5642,5962,5970,54814,52045,55983,6071,6008,6201,85758,83612,5991,6160,23303,24687,26659,18778,6199,6412,7798,7546,11033,10048,9076,6738,6605,6119,18802,17649,16097,6969,6974,6781,135084,137083,132651,6783,6906,6880,6251,6591,5250,2394,2292,2242,107539,115151,104716,7369,8213,7354,33876,30595,30478,8601,7101,7875,51282,39340,46027,5604,4708,5344,13771,14493,16438,7070,7619,6477,88042,71829,62134,6608,6027,5416,64226,58597,49843,8219,7387,6438,20168,17169,15085,20754,7076,6305,5710,7935,15103,17023,15989,6832,7647,7423,81485,71002,65038,8214,7156,6613,30471,24725,21462,8356,7878,7222,16140,16395,19600,5684,6538,7127
63,630,9790,13202,11330,9647,6704,7531,6128,5717,13599,17268,13797,11295,7409,9164,7375,6212,230,290,236,620,1212,899,27479,23021,24639,17347,7571,6040,6715,6543,9100,9097,8379,5701,6017,6022,55035,52381,56591,6118,6063,6274,86602,84438,6028,6159,23620,24890,27017,18961,6237,6444,7853,7609,11026,10051,9063,6800,6672,6180,18817,17649,16083,7025,7024,6833,136411,138429,133702,6828,6941,6916,6395,6723,5341,2422,2332,2270,109027,116599,106232,7425,8275,7421,33797,30546,30432,8661,7168,7926,51819,39889,46586,5642,4758,5395,13752,14463,16448,7123,7696,6572,89567,73013,62943,6673,6097,5464,64511,58936,50184,8289,7442,6486,20355,17327,15217,20911,7117,6337,5757,7999,15100,17004,15959,6896,7714,7503,82208,71491,65655,8274,7207,6671,31038,24980,21864,8448,7931,7283,16132,16385,19583,5749,6607,7199
64,640,9781,13163,11321,9638,6767,7581,6176,5764,13576,17244,13791,11279,7464,9249,7425,6243,229,291,235,628,1231,918,27675,23211,24822,17463,7602,6068,6748,6586,9078,9084,8362,5757,6072,6062,55292,52725,57101,6150,6111,6350,87312,84987,6069,6222,23902,25112,27318,19092,6285,6482,7917,7654,11020,10020,9063,6873,6713,6249,18817,17636,16046,7095,7065,6888,137427,139362,134697,6854,6976,6927,6518,6845,5436,2452,2368,2285,110296,117762,107603,7491,8348,7480,33672,30517,30375,8695,7213,7982,52287,40387,47104,5701,4801,5437,13727,14437,16423,7178,7758,6639,90884,74099,63701,6749,6159,5514,64733,59207,50481,8337,7502,6543,20478,17416,15343,21022,7156,6381,5796,8038,15081,16975,15926,6955,7780,7578,82785,72007,66164,8342,7263,6718,31573,25245,22312,8527,7966,7356,16117,16371,19560,5793,6672,7276
65,650,9788,13164,11333,9632,6849,7636,6221,5811,13571,17261,13791,11261,7532,9343,7492,6284,228,291,237,632,1241,925,27858,23398,25038,17594,7651,6109,6783,6622,9090,9084,8348,5809,6129,6123,55606,53104,57705,6216,6170,6415,88153,85900,6103,6265,24214,25306,27656,19272,6325,6510,7987,7701,11020,10021,9075,6929,6783,6302,18808,17583,16011,7163,7102,6925,138761,140604,135613,6875,7008,6965,6648,6969,5548,2479,2402,2316,111261,119074,109107,7562,8414,7551,33611,30506,30366,8745,7264,8045,52816,40960,47660,5748,4854,5486,13734,14422,16434,7238,7810,6725,92463,75205,64480,6807,6218,5556,64926,59522,50851,8385,7553,6589,20644,17578,15445,21187,7191,6427,5825,8088,15075,16987,15937,7010,7838,7635,83358,72503,66707,8386,7313,6775,32101,25539,22743,8605,8011,7414,16124,16369,19580,5850,6725,7355
66,660,9793,13131,11300,9628,6909,7705,6273,5859,13575,17254,13783,11245,7579,9424,7548,6322,225,288,234,637,1263,940,28026,23592,25233,17680,7687,6140,6829,6666,9082,9073,8351,5857,6171,6179,55821,53400,58161,6251,6228,6477,88894,86716,6144,6321,24471,25496,27961,19425,6383,6550,8048,7750,11020,10020,9083,6993,6816,6356,18813,17497,15999,7234,7122,6969,139891,141664,136737,6918,7049,6996,6775,7083,5643,2513,2431,2337,112706,119990,110435,7616,8460,7609,33518,30471,30346,8804,7315,8110,53341,41480,48139,5796,4890,5515,13685,14380,16443,7287,7882,6799,93877,76247,65192,6875,6283,5619,65119,59804,51118,8430,7602,6660,20759,17655,15552,21322,7225,6457,5865,8151,15065,16945,15919,7067,7898,7704,83851,72946,67206,8449,7371,6843,32557,25757,23126,8702,8071,7488,16133,16343,19573,5903,6789,7427
67,670,9797,13115,11298,9626,6960,7755,6318,5900,13576,17235,13770,11232,7634,9512,7610,6362,228,288,236,644,1285,957,28191,23772,25398,17782,7710,6174,6852,6717,9087,9052,8343,5922,6226,6205,56050,53678,58707,6296,6276,6540,89645,87495,6175,6349,24743,25631,28242,19573,6419,6570,8095,7796,11010,10006,9070,7048,6874,6423,18818,17456,15954,7307,7164,6998,141036,142877,137593,6952,7082,7031,6879,7193,5731,2543,2473,2366,113811,121201,110429,7681,8533,7636,33444,30455,30319,8848,7373,8175,53828,41970,48641,5845,4947,5571,13673,14385,16447,7346,7942,6877,95240,77215,65826,6945,6336,5650,65374,60042,51428,8491,7660,6715,20893,17769,15659,21417,7273,6501,5900,8204,15043,16964,15903,7115,7970,7764,84346,73387,67669,8513,7422,6879,33026,25980,23528,8776,8113,7552,16110,16305,19567,5952,6848,7503
68,680,9783,13096,11301,9613,7020,7804,6372,5947,13566,17209,13770,11223,7689,9573,7654,6405,227,287,236,656,1303,971,28354,23927,25564,17883,7749,6207,6895,6758,9085,9029,8340,5973,6265,6249,56236,53891,59150,6339,6322,6605,90324,88249,6224,6399,24967,25818,28516,19696,6468,6608,8169,7859,10990,9993,9061,7106,6913,6490,18824,17427,15896,7373,7201,7037,141924,143728,138318,6992,7116,7065,6992,7303,5824,2572,2507,2392,115070,122003,111894,7739,8596,7716,33356,30441,30294,8907,7424,8226,54283,42471,49130,5890,4985,5614,13639,14370,16424,7387,8021,6956,96629,78212,66490,7012,6385,5707,65583,60329,51641,8553,7713,6759,20981,17859,15756,21529,7291,6547,5944,8266,15028,16941,15875,7177,8039,7838,84837,73801,68058,8584,7469,6925,33451,26212,23904,8862,8157,7624,16110,16309,19564,6008,6905,7578
69,690,9783,13086,11306,9622,7096,7866,6430,6001,13551,17198,13757,11213,7740,9653,7720,6440,229,288,236,663,1316,982,28499,24067,25743,17943,7793,6248,6935,6793,9078,9035,8316,6027,6323,6310,56454,54075,59549,6385,6371,6668,90885,88897,6251,6448,25196,25958,28790,19826,6519,6641,8226,7909,10979,9979,9061,7162,6981,6550,18802,17396,15861,7439,7251,7062,142906,144679,139168,7019,7165,7084,7097,7399,5917,2604,2543,2425,116265,122813,113188,7815,8643,7770,33236,30403,30267,8930,7477,8284,54719,42953,49638,5936,5038,5665,13607,14360,16424,7429,8079,7044,97888,79073,67140,7086,6456,5762,65787,60516,51887,8605,7776,6814,21035,17965,15846,21647,7329,6597,5988,8318,14999,16923,15861,7225,8091,7904,85361,74063,68395,8654,7521,6960,33885,26425,24252,8951,8214,7676,16099,16301,19509,6056,6968,7645
70,700,9772,13044,11301,9610,7137,7907,6463,6043,13526,17178,13739,11180,7777,9731,7772,6477,226,288,236,672,1339,1001,28583,24192,25854,18029,7821,6281,6972,6839,9072,8996,8291,6079,6356,6337,56554,54234,59920,6433,6414,6736,91412,89655,6287,6480,25413,26092,29036,19938,6566,6677,8282,7960,10964,9976,9047,7210,7009,6594,18792,17350,15815,7507,7278,7103,143765,145524,139993,7049,7192,7122,7186,7482,6013,2633,2576,2452,117226,123568,114130,7875,8697,7835,33138,30328,30212,8972,7521,8326,55101,43403,50154,5979,5073,5709,13571,14340,16398,7484,8152,7110,99080,79970,67725,7162,6511,5811,65930,60722,52068,8655,7819,6865,21132,18039,15933,21741,7364,6637,6031,8363,14978,16896,15837,7269,8165,7956,85802,74443,68707,8711,7558,7007,34236,26617,24609,9031,8260,7732,16082,16278,19491,6106,7027,7708
71,710,9773,13024,11294,9607,7193,7961,6521,6091,13538,17151,13749,11177,7830,9797,7825,6515,228,285,232,675,1359,1015,28673,24292,25963,18092,7852,6319,7001,6875,9051,9000,8293,6133,6406,6377,56633,54369,60268,6472,6452,6809,91921,90320,6297,6520,25619,26228,29271,20035,6607,6700,8351,7995,10961,9960,9047,7278,7057,6656,18788,17329,15794,7576,7323,7135,144528,146475,140464,7080,7229,7141,7276,7574,6101,2664,2616,2483,118538,124261,115461,7923,8753,7898,33007,30289,30211,9008,7570,8388,55547,43874,50600,6016,5124,5746,13561,14320,16375,7524,8202,7178,100362,80893,68339,7213,6566,5862,66082,60916,52276,8712,7875,6914,21180,18135,16029,21832,7395,6698,6077,8423,14964,16893,15809,7332,8229,8019,86215,74761,69007,8769,7610,7050,34628,26783,24949,9095,8304,7791,16082,16267,19465,6146,7091,7771
72,720,9748,13004,11295,9596,7236,8017,6568,6137,13512,17116,13738,11138,7877,9850,7880,6549,225,288,234,686,1373,1026,28749,24362,26067,18163,7878,6343,7028,6908,9049,8980,8280,6176,6443,6423,56760,54479,60592,6511,6496,6863,92122,90914,6331,6572,25803,26331,29475,20153,6646,6733,8406,8057,10960,9931,9036,7342,7090,6706,18748,17278,15766,7630,7362,7175,145431,147175,141106,7116,7264,7180,7355,7649,6181,2685,2648,2519,119627,124935,116154,7982,8788,7957,32904,30272,30150,9063,7616,8429,55943,44333,51075,6061,5171,5793,13542,14300,16374,7582,8260,7244,101476,81702,68905,7282,6628,5909,66210,61035,52491,8756,7922,6964,21234,18198,16104,21942,7424,6713,6117,8463,14952,16836,15783,7376,8274,8072,86601,74993,69275,8830,7642,7090,34954,26959,25261,9174,8347,7844,16055,16254,19431,6193,7142,7842
73,730,9752,12983,11291,9595,7293,8072,6619,6185,13487,17070,13712,11132,7919,9907,7925,6581,227,286,233,692,1391,1044,28812,24448,26157,18233,7908,6371,7068,6951,9049,8967,8265,6220,6491,6472,56806,54587,60931,6555,6528,6914,92546,91472,6361,6594,25997,26405,29673,20247,6695,6759,8457,8085,10947,9898,9028,7382,7107,6756,18734,17271,15725,7691,7405,7210,146207,148011,142035,7121,7285,7207,7437,7716,6246,2721,2681,2540,120431,125458,117331,8037,8841,8016,32833,30201,30084,9098,7659,8483,56351,44718,51568,6107,5200,5838,13519,14269,16312,7637,8325,7303,102561,82510,69428,7341,6678,5959,66272,61190,52586,8811,7977,7025,21329,18279,16173,21966,7458,6761,6168,8523,14921,16829,15761,7431,8333,8138,86950,75233,69540,8889,7706,7127,35276,27120,25549,9249,8394,7915,16021,16243,19379,6229,7196,7888
74,740,9714,12971,11278,9584,7343,8121,6661,6227,13463,17029,13708,11114,7963,9967,7983,6614,225,287,234,700,1410,1065,28849,24486,26238,18279,7944,6390,7106,6975,9055,8945,8259,6265,6529,6503,56786,54627,61124,6570,6564,6963,92989,91981,6389,6630,26154,26495,29897,20338,6737,6772,8519,8135,10923,9884,9017,7424,7149,6802,18731,17240,15678,7745,7452,7238,146640,148497,142378,7148,7335,7227,7513,7774,6328,2738,2710,2562,121298,126099,118082,8078,8876,8060,32752,30147,30045,9143,7693,8513,56723,45198,52051,6149,5253,5877,13522,14272,16284,7667,8375,7370,103731,83185,69940,7396,6721,6010,66300,61374,52709,8846,8020,7059,21369,18348,16243,22029,7478,6800,6186,8553,14886,16770,15713,7468,8369,8180,87273,75485,69852,8932,7740,7169,35599,27277,25835,9308,8430,7957,15986,16211,19375,6259,7238,7944
75,750,9707,12957,11267,9573,7395,8182,6713,6263,13436,17001,13687,11108,8004,10043,8031,6656,226,285,234,711,1428,1078,28920,24568,26320,18316,7966,6418,7135,7012,9022,8944,8237,6316,6570,6520,56802,54683,61309,6615,6611,7034,93485,92495,6428,6678,26319,26585,30081,20419,6772,6805,8577,8177,10914,9861,9026,7476,7182,6848,18690,17212,15655,7818,7489,7286,147282,149087,142894,7191,7364,7267,7579,7817,6377,2775,2746,2594,122088,126493,118951,8134,8912,8120,32684,30051,30002,9195,7732,8576,57078,45605,52498,6196,5287,5928,13472,14265,16262,7723,8433,7425,104722,83821,70336,7465,6779,6055,66424,61482,52885,8903,8074,7108,21426,18393,16312,22067,7536,6844,6232,8597,14885,16745,15697,7515,8444,8237,87447,75651,70069,8983,7786,7224,35848,27417,26090,9394,8481,8026,15961,16183,19353,6303,7283,8017
76,760,9713,12930,11262,9563,7443,8219,6744,6309,13432,16970,13660,11093,8034,10109,8064,6688,226,282,236,719,1446,1094,28947,24647,26413,18362,7986,6441,7172,7048,9026,8931,8231,6373,6613,6571,56813,54770,61557,6650,6644,7082,93794,92972,6456,6713,26469,26677,30255,20488,6822,6834,8620,8216,10885,9822,9003,7515,7205,6897,18675,17176,15613,7873,7533,7313,148532,149511,143572,7208,7384,7299,7640,7898,6437,2805,2776,2621,122843,126644,119785,8195,8960,8167,32613,29998,29963,9238,7772,8626,57470,45999,52962,6232,5322,5971,13471,14236,16243,7781,8476,7493,105781,84514,70832,7525,6829,6084,66474,61619,53006,8948,8119,7160,21484,18458,16385,22100,7561,6878,6272,8634,14860,16723,15664,7564,8477,8295,87719,75833,70301,9029,7811,7245,36099,27536,26357,9466,8507,8071,15956,16175,19321,6338,7339,8085
77,770,9715,12907,11246,9560,7492,8280,6794,6353,13415,16938,13650,11066,8084,10188,8110,6709,230,285,236,729,1470,1111,28989,24693,26463,18395,8022,6472,7191,7091,9012,8933,8219,6419,6665,6604,56802,54807,61735,6685,6684,7147,94230,93447,6477,6745,26607,26752,30327,20571,6864,6864,8652,8263,10870,9792,8998,7567,7246,6964,18661,17173,15577,7945,7566,7345,148569,150351,144248,7251,7424,7324,7694,7926,6493,2834,2814,2649,123529,127136,120408,8236,9002,8226,32545,29897,29911,9268,7797,8654,57745,46381,53414,6271,5371,6004,13436,14211,16215,7812,8528,7559,106535,85112,71244,7573,6877,6135,66506,61730,53121,8990,8175,7206,21547,18491,16431,22140,7602,6918,6312,8671,14851,16699,15652,7612,8528,8355,87919,76089,70509,9079,7867,7294,36363,27651,26591,9533,8563,8133,15927,16128,19281,6381,7365,8144
78,780,9707,12897,11244,9571,7548,8322,6846,6391,13404,16923,13623,11046,8123,10231,8155,6750,226,284,234,736,1486,1125,29047,24759,26539,18447,8062,6505,7226,7124,9012,8916,8213,6463,6703,6651,56845,54877,61876,6721,6734,7196,94528,93829,6513,6781,26731,26812,30477,20640,6907,6900,8707,8310,10844,9778,8989,7612,7269,6997,18629,17093,15539,7987,7607,7372,149232,150579,144295,7285,7450,7353,7747,7977,6543,2856,2847,2671,124411,127502,121231,8298,9043,8276,32467,29852,29861,9307,7848,8701,58126,46776,53791,6308,5403,6056,13439,14199,16202,7857,8602,7615,107527,85768,71635,7635,6922,6179,66606,61789,53231,9047,8216,7251,21587,18534,16492,22176,7634,6952,6352,8708,14814,16674,15619,7642,8590,8404,87987,76234,70721,9136,7902,7335,36591,27809,26825,9591,8596,8175,15914,16110,19266,6415,7412,8195
79,790,9684,12870,11230,9561,7577,8388,6887,6438,13361,16911,13602,11028,8156,10291,8202,6781,223,284,233,745,1504,1147,29099,24821,26574,18470,8075,6532,7256,7157,9009,8894,8200,6510,6754,6679,56797,54852,61979,6742,6767,7245,94818,94207,6541,6814,26870,26914,30592,20726,6944,6927,8754,8351,10828,9753,8986,7653,7287,7044,18599,17049,15497,8064,7636,7418,149998,151133,144841,7321,7491,7384,7799,8007,6585,2896,2876,2707,125192,128008,121749,8351,9082,8334,32410,29769,29808,9371,7878,8753,58434,47164,54218,6361,5439,6094,13418,14186,16162,7900,8649,7669,108295,86352,71970,7683,6985,6219,66628,61872,53343,9094,8256,7297,21661,18558,16538,22225,7680,6992,6384,8757,14792,16651,15582,7694,8636,8451,88080,76392,70845,9156,7958,7366,36792,27924,27054,9655,8632,8229,15886,16076,19256,6455,7459,8265
80,800,9673,12871,11217,9543,7632,8447,6925,6486,13340,16843,13593,11018,8181,10357,8238,6813,225,279,236,753,1512,1156,29081,24898,26624,18510,8101,6566,7283,7189,8995,8898,8195,6555,6799,6720,56754,54848,62098,6771,6791,7287,94954,94571,6563,6854,26957,26973,30715,20775,6976,6963,8795,8374,10798,9709,8976,7695,7315,7096,18570,17038,15489,8114,7673,7439,150806,151495,145441,7345,7522,7408,7838,8041,6629,2918,2901,2728,125786,128342,122365,8403,9135,8380,32335,29700,29753,9407,7912,8784,58738,47530,54571,6375,5475,6134,13406,14146,16134,7953,8686,7726,108952,86937,72302,7725,7037,6268,66637,61933,53414,9125,8304,7338,21708,18599,16595,22253,7716,7018,6424,8791,14795,16635,15555,7740,8685,8508,88119,76492,70977,9179,7991,7401,36988,28074,27276,9708,8680,8279,15879,16044,19233,6494,7492,8318
81,810,9685,12865,11195,9547,7681,8490,6976,6529,13305,16826,13572,11002,8209,10412,8294,6834,227,283,237,762,1525,1181,29073,24951,26647,18559,8121,6602,7317,7215,8986,8888,8194,6595,6842,6756,56711,54912,62181,6808,6828,7335,95193,94912,6593,6887,27096,27052,30829,20840,7021,6995,8840,8418,10784,9693,8959,7727,7320,7128,18553,16991,15464,8169,7708,7477,150994,152224,145909,7383,7550,7434,7882,8068,6666,2945,2923,2757,126344,128735,122878,8448,9175,8426,32263,29615,29708,9449,7941,8828,59000,47911,54939,6425,5515,6159,13379,14127,16099,7978,8730,7789,109741,87467,72720,7774,7062,6309,66657,61983,53499,9159,8349,7375,21751,18610,16634,22269,7753,7029,6476,8834,14771,16616,15550,7765,8732,8556,88092,76633,71094,9214,8033,7441,37156,28175,27471,9780,8728,8329,15858,16031,19226,6526,7531,8387
82,820,9678,12851,11207,9552,7728,8545,7019,6565,13275,16809,13547,10986,8247,10464,8328,6862,225,278,236,771,1545,1201,29094,24993,26703,18571,8142,6623,7346,7255,8968,8880,8188,6641,6870,6803,56734,54890,62240,6842,6869,7378,95454,95245,6615,6917,27187,27091,30937,20898,7058,7010,8880,8464,10767,9673,8963,7755,7350,7184,18534,16964,15436,8231,7745,7508,151582,152360,146285,7407,7579,7468,7905,8088,6707,2970,2960,2777,126976,128747,123745,8490,9204,8485,32222,29504,29651,9488,7969,8871,59264,48244,55267,6464,5547,6199,13372,14092,16078,8018,8789,7852,110453,87961,72990,7820,7128,6344,66646,61979,53569,9201,8387,7417,21774,18603,16698,22275,7785,7053,6497,8855,14739,16565,15535,7799,8766,8608,88141,76785,71214,9241,8068,7467,37324,28293,27660,9839,8764,8372,15825,16009,19178,6555,7562,8444
83,830,9681,12841,11202,9545,7760,8580,7058,6604,13274,16798,13538,10966,8267,10538,8376,6891,224,277,238,780,1554,1219,29092,25051,26735,18591,8172,6658,7356,7279,8971,8870,8181,6677,6928,6823,56653,54881,62298,6867,6904,7434,95727,95593,6647,6961,27295,27157,31050,20958,7094,7043,8919,8497,10720,9651,8960,7775,7385,7211,18525,16938,15417,8289,7781,7549,151956,153207,146624,7439,7619,7489,7945,8099,6742,2991,2982,2812,127700,129298,124268,8538,9253,8542,32182,29431,29611,9534,7988,8909,59564,48588,55632,6488,5590,6224,13339,14076,16070,8049,8821,7892,110811,88491,73361,7871,7165,6377,66607,61992,53600,9244,8415,7471,21820,18609,16726,22302,7817,7079,6539,8891,14709,16536,15511,7839,8821,8674,88237,76869,71280,9290,8106,7500,37486,28374,27845,9890,8795,8428,15827,15978,19157,6600,7620,8486
84,840,9660,12800,11197,9547,7813,8642,7123,6654,13244,16777,13514,10940,8301,10600,8421,6917,227,277,235,783,1575,1244,29091,25109,26767,18632,8203,6693,7413,7313,8949,8856,8171,6718,6958,6862,56633,54853,62363,6894,6929,7475,95944,95939,6677,7006,27376,27225,31129,21014,7133,7073,8960,8539,10686,9635,8939,7809,7416,7256,18496,16899,15395,8348,7813,7579,152243,153524,146713,7473,7642,7516,7976,8115,6768,3023,3006,2832,128180,129499,124759,8618,9296,8588,32133,29337,29558,9568,8025,8953,59844,48915,55999,6528,5626,6267,13321,14077,16031,8089,8872,7956,111608,88939,73598,7927,7220,6424,66611,62044,53676,9285,8460,7502,21805,18630,16771,22316,7862,7118,6578,8924,14683,16519,15464,7877,8869,8719,88399,77050,71403,9336,8146,7539,37657,28478,28022,9956,8848,8469,15825,15967,19116,6629,7661,8530
85,850,9662,12790,11199,9543,7865,8684,7159,6703,13234,16748,13505,10941,8352,10660,8463,6942,228,276,237,800,1592,1266,29139,25137,26793,18667,8240,6725,7438,7345,8948,8846,8159,6764,7012,6896,56623,54830,62403,6942,6974,7524,96166,96249,6707,7024,27468,27236,31181,21074,7179,7110,9007,8570,10646,9627,8935,7827,7440,7287,18477,16855,15372,8401,7838,7608,152582,153744,147118,7496,7683,7549,8004,8127,6796,3042,3028,2858,129025,129796,125440,8649,9340,8618,32068,29286,29516,9597,8061,8978,60127,49285,56298,6565,5655,6292,13301,14041,16007,8132,8909,8002,111979,89415,73921,7963,7246,6456,66575,61978,53721,9322,8501,7549,21858,18661,16815,22345,7891,7148,6608,8961,14657,16488,15447,7915,8903,8767,88540,77111,71567,9374,8191,7586,37825,28566,28194,10011,8877,8519,15803,15919,19094,6657,7702,8584
86,860,9659,12794,11196,9535,7904,8735,7196,6736,13212,16749,13497,10919,8359,10715,8504,6973,223,277,237,804,1610,1279,29152,25189,26816,18687,8259,6750,7456,7373,8949,8846,8155,6812,7048,6932,56586,54861,62453,6974,7018,7566,96373,96494,6721,7058,27560,27333,31262,21122,7213,7139,9034,8607,10626,9623,8911,7870,7472,7324,18451,16834,15339,8446,7871,7643,153186,154136,147351,7525,7706,7580,8011,8141,6814,3068,3062,2884,129504,129886,125817,8708,9361,8670,31991,29258,29436,9643,8104,9014,60379,49572,56565,6600,5682,6319,13285,14030,15991,8153,8957,8068,112531,89786,74215,8017,7286,6505,66533,61969,53750,9362,8529,7580,21885,18660,16838,22353,7917,7165,6650,8993,14640,16477,15430,7940,8948,8810,88681,77182,71663,9420,8211,7617,37924,28677,28354,10076,8921,8567,15773,15951,19044,6684,7732,8641
