,time,"19, 0, RFPEx","19, 1, RFPEx","19, 2, RFPEx","19, 0, GFP","19, 1, GFP","19, 2, GFP","22, 0, RFPEx","22, 1, RFPEx","22, 2, RFPEx","22, 0, GFP","22, 1, GFP","22, 2, GFP","1, 0, RFPEx","1, 1, RFPEx","1, 2, RFPEx","1, 0, GFP","1, 1, GFP","1, 2, GFP","2, 0, RFPEx","2, 1, RFPEx","2, 2, RFPEx","2, 0, GFP","2, 1, GFP","2, 2, GFP","3, 0, RFPEx","3, 1, RFPEx","3, 2, RFPEx","3, 0, GFP","3, 1, GFP","3, 2, GFP","4, 0, RFPEx","4, 1, RFPEx","4, 2, RFPEx","4, 0, GFP","4, 1, GFP","4, 2, GFP","5, 0, RFPEx","5, 1, RFPEx","5, 2, RFPEx","5, 0, GFP","5, 1, GFP","5, 2, GFP","6, 0, RFPEx","6, 1, RFPEx","6, 2, RFPEx","6, 0, GFP","6, 1, GFP","6, 2, GFP","7, 0, RFPEx","7, 1, RFPEx","7, 2, RFPEx","7, 0, GFP","7, 1, GFP","7, 2, GFP","8, 0, RFPEx","8, 1, RFPEx","8, 2, RFPEx","8, 0, GFP","8, 1, GFP","8, 2, GFP","9, 0, RFPEx","9, 1, RFPEx","9, 2, RFPEx","9, 0, GFP","9, 1, GFP","9, 2, GFP","10, 0, RFPEx","10, 1, RFPEx","10, 2, RFPEx","10, 0, GFP","10, 1, GFP","10, 2, GFP","11, 0, RFPEx","11, 1, RFPEx","11, 2, RFPEx","11, 0, GFP","11, 1, GFP","11, 2, GFP","20, 0, RFPEx","20, 1, RFPEx","20, 2, RFPEx","20, 0, GFP","20, 1, GFP","20, 2, GFP","12, 0, RFPEx","12, 1, RFPEx","12, 2, RFPEx","12, 0, GFP","12, 1, GFP","12, 2, GFP","13, 0, RFPEx","13, 1, RFPEx","13, 2, RFPEx","13, 0, GFP","13, 1, GFP","13, 2, GFP","14, 0, RFPEx","14, 1, RFPEx","14, 2, RFPEx","14, 0, GFP","14, 1, GFP","14, 2, GFP","25, 0, RFPEx","25, 1, RFPEx","25, 2, RFPEx","25, 0, GFP","25, 1, GFP","25, 2, GFP","21, 0, RFPEx","21, 1, RFPEx","21, 2, RFPEx","21, 3, RFPEx","21, 0, GFP","21, 1, GFP","21, 2, GFP","21, 3, GFP"
0,0,225,492,409,275,822,740,400,444,386,688,704,654,459,439,439,668,601,630,491,459,465,654,647,665,445,432,449,622,627,673,464,517,487,680,736,704,472,496,437,705,716,640,442,462,357,638,676,581,463,418,480,664,622,672,461,446,374,678,675,607,455,495,511,687,738,760,431,507,447,695,747,690,453,466,449,677,729,691,377,446,448,615,734,721,358,463,505,591,701,794,442,482,465,640,683,691,471,483,359,713,721,599,448,511,491,662,769,724,502,457,416,379,799,701,688,661
1,10,223,452,367,264,503,458,351,406,370,439,442,457,438,418,426,494,456,475,477,446,452,501,480,493,431,418,430,469,466,490,446,490,465,489,536,510,447,484,416,513,518,480,421,449,341,472,498,431,438,384,463,482,464,501,447,433,361,492,484,445,426,466,484,489,518,539,410,483,422,501,535,495,426,443,431,471,497,474,349,399,409,419,467,473,329,426,479,422,480,537,412,459,449,462,485,495,449,463,338,498,492,417,409,474,467,471,530,512,469,414,383,352,514,474,460,442
2,20,221,442,363,261,488,447,341,389,361,429,426,447,433,414,422,484,450,467,477,437,450,491,473,488,422,412,424,456,450,481,442,483,466,485,531,506,444,476,408,532,535,485,410,446,334,489,518,444,430,374,455,498,481,516,444,427,359,507,497,455,416,462,480,490,520,541,405,478,414,505,537,497,410,429,428,474,500,485,338,389,404,404,446,456,323,408,474,430,489,543,401,453,442,464,489,503,442,458,333,498,495,419,399,466,464,477,540,522,464,396,371,347,499,450,443,427
3,30,219,441,362,261,499,448,338,382,353,438,431,459,430,412,414,495,456,475,472,436,444,498,482,500,417,411,419,463,454,493,438,483,465,504,540,521,435,477,403,595,602,538,403,444,326,546,579,490,421,370,452,559,530,578,440,429,355,559,551,505,411,453,475,526,565,585,407,473,407,547,574,530,410,420,423,525,554,530,337,387,397,407,454,467,318,401,471,476,542,617,390,440,436,509,540,558,431,451,329,540,546,459,394,457,461,521,597,578,462,390,364,346,512,457,448,436
4,40,218,432,359,259,502,459,333,373,351,447,441,470,428,403,412,511,463,480,466,428,440,503,491,508,412,400,418,477,456,511,442,479,460,532,561,547,430,466,397,688,695,607,399,440,325,621,668,557,416,363,439,643,603,653,435,422,353,638,626,576,406,448,469,582,629,643,402,468,403,602,627,576,405,414,412,601,632,595,329,383,393,418,460,479,316,394,464,542,628,715,383,426,431,578,610,633,421,442,323,612,628,508,387,451,458,592,682,659,455,381,358,346,522,466,455,452
5,50,219,428,356,262,512,469,329,363,347,457,447,471,422,399,406,520,473,490,460,419,430,512,494,511,408,394,414,483,463,518,440,473,458,552,577,561,428,461,384,797,788,686,382,432,322,700,778,642,405,356,425,726,692,750,425,412,349,741,715,662,398,441,464,632,692,705,400,455,399,670,683,635,394,402,405,687,721,669,327,375,385,426,470,488,315,392,455,626,731,815,369,410,423,654,692,727,413,432,319,701,708,571,384,447,452,668,765,733,445,376,355,344,541,481,466,465
6,60,218,424,355,260,531,475,325,351,344,472,450,479,419,393,399,531,475,495,455,413,429,524,499,527,398,387,411,490,464,525,433,472,452,562,604,575,417,443,374,922,884,771,372,429,320,805,904,743,394,348,414,830,797,870,420,404,346,847,813,762,391,435,453,678,749,759,401,450,396,729,735,690,386,400,400,789,833,768,318,374,376,430,482,498,313,392,452,716,851,943,360,405,418,756,802,848,408,420,316,801,793,643,381,439,444,743,849,815,434,373,349,346,555,492,475,485
7,70,215,422,348,260,543,480,324,343,337,485,454,490,420,388,397,532,476,498,455,415,429,533,507,528,397,383,412,490,466,532,432,475,449,574,618,582,409,427,368,1068,1007,880,363,421,317,945,1057,878,388,344,403,958,934,1012,405,395,339,971,938,879,383,425,439,725,808,807,391,445,388,790,791,738,385,400,395,932,972,898,312,367,370,438,496,506,314,388,454,832,999,1096,351,393,417,872,933,997,404,404,314,923,885,722,377,438,437,805,938,895,431,360,344,340,576,503,487,494
8,80,218,414,342,260,552,489,320,330,334,494,456,496,429,393,400,539,479,496,465,427,439,535,512,534,399,387,429,490,464,548,430,476,449,580,642,590,403,422,356,1240,1165,1003,358,411,314,1123,1242,1036,381,337,392,1112,1096,1203,397,390,337,1130,1099,1020,371,419,429,771,874,864,390,431,378,854,844,780,397,410,409,1130,1160,1079,309,362,360,446,496,509,329,397,472,993,1191,1298,361,399,424,1059,1119,1182,415,409,323,1087,1032,836,378,436,434,877,1022,970,420,351,342,341,584,510,498,502
9,90,218,408,339,262,559,497,319,325,330,507,461,501,455,411,422,548,488,502,487,446,480,549,516,543,425,413,463,495,473,563,439,483,446,598,658,600,395,408,346,1448,1347,1160,350,404,311,1330,1477,1235,368,331,385,1307,1292,1433,389,382,331,1345,1293,1201,363,411,423,821,935,921,384,423,368,909,905,833,425,440,434,1391,1399,1303,307,351,351,458,504,517,365,424,515,1193,1431,1546,388,425,453,1292,1356,1444,443,427,342,1283,1211,973,381,441,433,947,1118,1055,406,342,340,332,594,520,509,511
10,100,218,401,340,258,563,505,315,321,327,515,469,517,505,448,470,555,492,509,532,494,545,558,523,556,472,462,524,507,478,580,447,490,455,609,675,618,392,403,341,1697,1573,1362,346,399,310,1603,1762,1487,360,329,378,1550,1537,1720,386,377,329,1619,1537,1427,358,402,416,872,1001,986,381,416,365,975,967,896,487,508,491,1721,1714,1579,304,345,345,467,513,524,434,483,608,1442,1728,1863,444,485,521,1579,1654,1762,501,470,385,1510,1440,1147,386,447,439,1023,1212,1131,398,334,337,331,603,527,513,522
11,110,217,393,336,258,569,512,309,318,327,520,481,534,591,520,545,566,498,513,594,581,648,563,527,565,550,538,622,519,486,589,452,498,466,624,689,633,387,396,338,2007,1846,1593,347,390,311,1941,2112,1798,356,328,377,1852,1828,2040,382,374,325,1950,1841,1694,352,399,410,931,1071,1055,374,416,363,1038,1030,953,599,620,584,2117,2075,1897,300,343,339,477,526,543,550,587,769,1745,2096,2248,537,588,628,1922,2017,2151,606,552,459,1795,1714,1357,400,463,447,1107,1308,1219,393,328,329,323,620,540,524,533
12,120,218,388,336,260,579,521,308,314,322,532,488,541,708,622,652,579,511,525,697,702,800,572,541,577,664,657,769,524,496,604,465,512,479,638,706,648,381,393,336,2348,2156,1863,347,387,307,2333,2536,2151,357,330,373,2200,2166,2432,377,371,323,2329,2175,1992,347,395,406,987,1134,1124,376,409,364,1100,1092,1010,764,797,726,2569,2497,2268,296,338,337,484,537,558,726,753,1023,2084,2516,2684,682,745,796,2314,2429,2587,783,686,572,2127,2030,1596,419,487,463,1185,1408,1307,383,326,324,321,635,555,535,554
13,130,218,384,333,260,590,536,307,308,319,546,500,555,868,760,800,591,522,532,831,868,1013,579,552,589,820,814,967,537,499,622,480,530,494,651,726,666,380,391,338,2750,2499,2181,342,384,309,2780,3021,2556,357,327,367,2583,2541,2877,374,365,322,2757,2562,2334,350,394,405,1050,1207,1189,371,410,354,1173,1159,1068,994,1043,924,3068,2968,2683,295,337,337,488,552,575,975,1002,1384,2454,2987,3170,879,962,1028,2761,2897,3081,1030,879,743,2507,2390,1862,435,515,487,1259,1507,1391,375,323,324,322,645,567,545,576
14,140,217,383,330,259,604,541,305,306,319,563,508,571,1077,941,991,601,529,541,1014,1079,1278,589,558,602,1019,1011,1224,546,508,637,497,547,510,665,732,678,380,389,336,3173,2866,2516,340,383,305,3268,3569,3009,353,323,368,2997,2935,3357,374,368,321,3222,2999,2702,346,390,400,1102,1281,1257,364,406,355,1234,1222,1128,1297,1359,1194,3604,3480,3133,290,334,332,504,565,589,1300,1334,1873,2854,3490,3695,1139,1251,1336,3245,3407,3641,1365,1154,963,2930,2779,2136,462,544,512,1335,1594,1473,372,321,321,318,668,589,566,594
15,150,218,379,328,260,615,554,303,305,315,578,522,582,1325,1153,1219,618,541,549,1236,1341,1608,595,566,617,1270,1262,1534,558,516,653,518,566,531,683,751,695,380,383,338,3639,3260,2875,340,381,305,3797,4153,3500,352,323,364,3441,3365,3863,373,363,318,3713,3452,3107,346,390,398,1161,1344,1324,368,404,355,1293,1281,1177,1680,1766,1538,4177,4030,3629,292,330,330,512,580,604,1704,1764,2493,3265,4028,4249,1466,1605,1719,3775,3966,4233,1810,1504,1251,3381,3207,2444,488,575,540,1389,1675,1557,367,319,323,318,681,607,581,613
16,160,218,378,332,260,629,563,300,298,315,590,531,598,1618,1416,1491,629,549,560,1494,1655,2000,603,575,630,1570,1551,1910,565,522,670,546,597,558,698,758,707,379,385,336,4121,3672,3262,343,381,306,4359,4774,4010,349,325,364,3896,3821,4377,372,365,320,4215,3938,3536,342,389,398,1214,1407,1386,362,402,353,1346,1335,1224,2139,2265,1944,4773,4616,4138,290,331,328,527,595,619,2202,2311,3254,3688,4606,4822,1842,2027,2173,4310,4557,4852,2352,1946,1618,3872,3654,2776,522,617,580,1451,1753,1641,368,318,323,317,704,626,596,637
17,170,218,374,332,260,640,571,298,298,311,606,544,618,1951,1722,1804,639,562,567,1792,2014,2458,603,589,640,1925,1896,2340,577,527,679,570,620,581,708,766,720,378,383,331,4623,4094,3641,344,382,305,4933,5400,4546,346,325,360,4366,4281,4917,370,364,315,4748,4430,3988,342,390,399,1271,1470,1444,367,399,350,1408,1386,1266,2675,2836,2419,5377,5208,4659,292,330,325,541,609,639,2779,2969,4153,4113,5176,5407,2284,2517,2714,4877,5158,5514,3003,2466,2062,4363,4115,3130,553,665,621,1512,1837,1721,364,317,321,319,730,644,615,662
18,180,218,374,327,259,650,577,298,296,311,620,555,632,2341,2063,2160,653,574,580,2131,2432,2964,612,596,654,2334,2280,2825,587,534,698,593,656,610,717,778,734,378,378,335,5123,4513,4029,341,380,306,5540,6043,5081,348,324,358,4851,4763,5482,364,362,315,5291,4932,4430,342,387,397,1320,1537,1502,364,395,346,1467,1428,1314,3284,3480,2968,5987,5788,5183,290,324,326,554,627,658,3458,3754,5174,4548,5750,5969,2780,3067,3328,5463,5773,6207,3764,3078,2579,4890,4589,3491,591,715,666,1572,1920,1784,364,316,318,317,757,668,631,687
19,190,218,369,326,258,663,591,299,296,310,636,569,651,2763,2440,2545,671,584,586,2520,2895,3524,621,605,663,2770,2729,3373,594,544,706,621,688,643,726,795,749,376,377,334,5614,4933,4422,342,379,306,6123,6670,5613,345,318,355,5344,5232,6039,363,358,318,5836,5450,4894,340,386,394,1381,1603,1555,361,392,343,1525,1477,1362,3961,4186,3577,6570,6383,5710,288,325,324,568,644,678,4193,4636,6295,4952,6333,6508,3321,3667,3986,6058,6417,6903,4621,3810,3180,5420,5070,3877,634,766,715,1637,1989,1852,362,315,319,315,781,687,645,712
20,200,217,365,325,259,670,599,298,293,310,649,580,668,3227,2853,2962,683,592,593,2956,3388,4160,626,609,679,3288,3213,3960,605,549,723,652,729,673,733,804,762,376,374,333,6082,5331,4817,341,376,307,6716,7333,6162,347,322,355,5818,5698,6587,359,359,315,6382,5926,5339,344,388,393,1423,1653,1595,360,391,344,1576,1514,1404,4685,4977,4238,7149,6960,6242,290,325,323,585,658,695,5020,5638,7532,5353,6903,7037,3909,4296,4715,6655,7047,7617,5584,4609,3849,5955,5568,4266,676,822,764,1692,2046,1921,360,314,316,313,805,707,664,733
21,210,217,362,324,260,686,611,295,294,308,669,596,691,3723,3289,3407,697,601,604,3433,3929,4823,636,621,690,3833,3776,4601,618,563,734,684,770,706,753,824,766,372,374,332,6559,5740,5195,342,378,305,7311,7983,6698,349,325,351,6303,6143,7132,361,357,316,6905,6422,5788,340,383,391,1475,1712,1647,362,389,341,1637,1567,1452,5460,5808,4953,7725,7530,6772,287,323,320,597,681,716,5900,6761,8846,5745,7442,7558,4528,4978,5479,7237,7663,8336,6616,5502,4592,6475,6070,4647,723,877,815,1759,2117,1997,355,315,316,313,832,735,685,758
22,220,218,360,323,260,697,622,293,294,305,688,610,711,4256,3753,3873,715,609,613,3926,4506,5530,644,628,704,4425,4340,5299,632,572,750,720,815,738,765,837,774,374,373,333,6998,6119,5569,345,375,306,7856,8596,7224,344,321,351,6760,6592,7662,359,352,316,7422,6892,6233,341,383,388,1514,1760,1695,360,386,342,1690,1614,1492,6278,6701,5724,8267,8099,7288,283,321,320,612,697,740,6870,7980,10280,6122,7981,8039,5165,5670,6294,7830,8282,9052,7719,6485,5405,6984,6570,5030,773,935,876,1814,2179,2054,357,312,315,312,862,755,706,783
23,230,219,363,327,259,714,633,294,291,305,706,627,731,4818,4245,4349,728,623,620,4461,5142,6312,650,637,718,5047,4976,6017,644,582,763,754,859,778,775,850,784,374,371,331,7425,6482,5918,343,376,311,8382,9207,7738,340,324,353,7183,7000,8195,357,352,315,7918,7356,6638,337,380,384,1558,1816,1737,356,385,341,1737,1657,1535,7142,7621,6537,8799,8622,7799,287,321,316,628,716,760,7898,9302,11801,6493,8495,8526,5839,6389,7121,8414,8886,9743,8902,7530,6269,7468,7062,5394,824,1002,927,1862,2248,2115,351,312,314,312,887,781,725,809
24,240,219,360,323,260,729,645,295,287,302,722,642,749,5379,4755,4865,743,633,630,5023,5788,7108,658,647,735,5716,5651,6803,656,595,773,788,910,808,780,869,781,371,368,333,7841,6816,6262,343,373,308,8891,9786,8225,343,320,351,7618,7384,8686,358,350,313,8371,7797,7054,334,380,381,1602,1857,1783,356,381,339,1787,1703,1581,8031,8560,7378,9292,9145,8286,286,317,317,641,739,782,9009,10727,13420,6840,8971,9014,6489,7115,7955,8952,9491,10424,10134,8645,7203,7955,7530,5768,875,1064,986,1919,2317,2172,353,308,316,311,913,810,746,833
25,250,219,357,321,261,744,660,292,283,305,743,659,773,5974,5275,5378,761,645,643,5628,6482,7953,663,658,747,6434,6348,7644,668,605,794,823,958,846,796,881,793,371,367,333,8211,7131,6577,341,377,309,9367,10347,8673,344,321,349,7999,7765,9095,357,348,316,8813,8217,7449,335,378,381,1643,1904,1813,352,381,334,1829,1746,1610,8912,9522,8224,9738,9628,8758,284,318,315,654,758,799,10147,12230,15096,7164,9407,9459,7168,7842,8791,9493,10037,11105,11435,9840,8166,8411,7996,6119,929,1135,1048,1970,2381,2232,351,310,312,310,937,831,769,855
26,260,219,357,322,260,758,672,294,285,301,764,677,794,6581,5796,5910,778,656,650,6268,7204,8817,674,670,763,7161,7086,8492,681,617,816,855,1013,884,802,903,803,370,365,331,8552,7450,6877,343,375,309,9843,10846,9112,342,323,344,8401,8143,9542,358,351,317,9245,8639,7817,338,376,378,1687,1946,1863,356,375,336,1874,1792,1653,9801,10480,9092,10187,10094,9169,288,314,314,674,784,827,11299,13802,16800,7464,9855,9863,7853,8549,9630,10026,10588,11755,12776,11097,9192,8870,8435,6467,984,1202,1107,2029,2447,2279,353,311,313,309,967,860,797,881
27,270,218,352,319,258,775,683,295,283,302,784,696,818,7181,6316,6445,796,665,660,6930,7958,9696,684,682,777,7921,7853,9337,696,628,825,882,1060,925,811,921,821,370,362,330,8882,7732,7160,341,372,309,10265,11342,9541,340,322,340,8768,8501,9954,358,350,315,9671,9043,8168,335,373,377,1723,1990,1904,350,376,338,1919,1840,1693,10683,11444,9954,10590,10521,9593,283,313,314,692,808,850,12501,15446,18550,7739,10249,10254,8510,9242,10462,10525,11099,12380,14131,12386,10233,9290,8866,6798,1038,1269,1166,2075,2514,2340,350,309,313,307,996,886,817,899
28,280,218,350,321,259,792,698,292,286,302,803,716,842,7778,6843,6976,812,678,673,7629,8713,10588,698,698,797,8689,8648,10227,708,644,848,917,1115,972,824,940,835,368,362,328,9194,8008,7438,342,374,309,10652,11816,9933,341,319,344,9117,8831,10377,353,350,315,10023,9412,8501,335,373,375,1759,2033,1943,352,378,336,1962,1884,1735,11544,12397,10806,10972,10913,9957,284,314,311,713,830,883,13731,17147,20297,7998,10617,10614,9170,9928,11270,10997,11581,12961,15549,13720,11335,9712,9269,7132,1097,1337,1228,2120,2576,2398,349,311,314,307,1021,914,844,932
29,290,218,350,319,260,809,716,293,282,302,825,738,866,8374,7365,7518,830,690,681,8351,9479,11493,707,709,812,9482,9453,11128,724,662,866,956,1172,1011,839,963,847,366,359,329,9503,8277,7693,341,373,309,11039,12255,10314,340,322,344,9446,9156,10796,352,348,313,10392,9778,8815,333,373,376,1799,2084,1984,351,374,334,2005,1935,1786,12418,13312,11661,11309,11279,10312,283,314,311,733,860,909,14980,18886,22053,8236,10947,10936,9794,10590,12058,11451,12061,13521,16968,15093,12427,10106,9651,7442,1145,1402,1290,2173,2642,2451,347,309,314,306,1048,943,868,959
30,300,216,351,320,259,824,732,292,283,301,849,765,895,8948,7886,8050,845,706,690,9084,10280,12403,718,718,825,10284,10288,12058,734,675,880,991,1229,1054,855,981,859,365,359,331,9768,8502,7953,342,373,312,11403,12664,10695,338,323,345,9767,9463,11172,351,344,316,10732,10119,9116,334,372,374,1840,2129,2023,350,375,336,2044,1973,1817,13278,14191,12499,11636,11618,10644,281,312,309,746,885,938,16247,20600,23840,8461,11225,11238,10401,11229,12796,11860,12501,14073,18362,16484,13572,10453,10044,7732,1203,1473,1346,2217,2697,2504,343,308,313,302,1075,968,896,987
31,310,218,344,318,260,841,747,294,284,300,874,789,921,9473,8412,8571,851,715,709,9817,11050,13301,729,729,844,11111,11132,12963,750,689,898,1023,1283,1090,871,1005,873,363,357,329,10019,8718,8177,337,373,310,11731,13034,11015,337,324,342,10044,9750,11536,350,347,313,11068,10422,9389,333,369,374,1873,2171,2056,346,373,336,2076,2032,1857,14082,15061,13297,11933,11905,10952,282,310,310,767,909,973,17510,22389,25506,8659,11497,11469,10966,11821,13512,12238,12917,14575,19773,17883,14712,10802,10368,8023,1253,1533,1404,2266,2759,2557,340,306,312,307,1110,1003,927,1017
32,320,221,346,320,260,861,764,291,285,302,895,813,945,9961,8905,9069,866,729,720,10549,11821,14187,742,745,859,11897,11999,13885,764,705,917,1063,1329,1140,885,1024,889,363,359,329,10234,8919,8386,341,370,314,12048,13389,11316,342,322,343,10332,10013,11867,349,347,313,11342,10725,9658,329,370,372,1912,2214,2091,344,374,332,2116,2074,1888,14862,15861,14089,12183,12180,11210,284,312,308,791,933,1003,18778,24172,27241,8831,11729,11739,11515,12373,14184,12612,13279,15049,21225,19318,15881,11115,10701,8279,1309,1594,1459,2314,2801,2612,341,305,313,306,1136,1031,955,1046
33,330,218,346,318,259,880,786,291,282,300,916,838,972,10445,9386,9570,875,742,732,11310,12610,15094,752,758,875,12713,12864,14779,785,725,936,1096,1382,1179,905,1041,905,362,356,330,10455,9100,8561,341,372,310,12362,13724,11603,338,324,342,10604,10272,12204,349,348,314,11602,11000,9927,330,370,370,1946,2255,2116,344,375,332,2155,2114,1927,15561,16581,14794,12412,12401,11444,282,308,309,804,966,1034,20030,25986,28956,8997,11950,11973,12028,12898,14810,12956,13623,15481,22597,20718,17029,11425,11014,8520,1358,1646,1519,2359,2856,2669,340,303,312,305,1176,1063,986,1081
34,340,219,341,317,257,903,801,290,282,298,941,874,996,10911,9860,10045,890,760,738,12048,13378,15979,765,769,894,13504,13752,15634,797,735,945,1133,1441,1220,920,1064,917,358,356,327,10628,9270,8731,344,370,314,12666,14032,11879,336,323,342,10843,10505,12515,350,348,314,11855,11253,10173,330,367,367,1985,2302,2139,343,375,332,2196,2167,1952,16279,17316,15511,12628,12622,11673,284,307,308,827,996,1062,21266,27832,30654,9171,12174,12199,12528,13401,15407,13284,13944,15880,23955,22164,18189,11687,11290,8756,1413,1709,1575,2406,2908,2717,335,305,313,305,1206,1098,1015,1115
35,350,219,340,319,258,923,819,290,280,299,967,901,1029,11344,10314,10463,907,774,748,12793,14138,16842,781,782,912,14302,14614,16485,816,752,965,1163,1494,1258,940,1093,930,360,355,327,10810,9433,8903,342,371,312,12929,14321,12133,337,324,342,11077,10745,12800,348,345,316,12107,11495,10431,329,366,363,2030,2346,2178,342,370,333,2235,2223,1994,16900,17986,16184,12776,12848,11870,283,310,310,858,1032,1096,22505,29649,32341,9306,12373,12402,12962,13855,15966,13581,14254,16289,25277,23561,19339,11952,11584,8974,1463,1759,1626,2462,2967,2779,336,307,311,305,1248,1133,1052,1150
36,360,218,340,318,258,948,842,289,282,298,992,934,1063,11810,10740,10884,928,790,762,13559,14929,17693,798,799,931,15086,15494,17357,831,772,986,1197,1547,1289,965,1123,950,358,353,325,11009,9596,9051,340,366,312,13190,14589,12372,336,322,343,11284,10947,13065,346,343,314,12336,11717,10645,327,363,366,2062,2378,2210,340,371,331,2282,2270,2029,17394,18636,16802,12902,13037,12060,283,306,304,881,1074,1137,23726,31480,33971,9440,12543,12601,13395,14289,16494,13852,14559,16644,26572,25010,20469,12186,11840,9177,1516,1819,1679,2504,3018,2827,336,303,312,304,1288,1170,1091,1183
37,370,220,341,319,257,965,858,290,280,296,1022,964,1095,12250,11161,11307,947,805,776,14316,15663,18535,804,816,949,15849,16383,18236,844,787,1007,1231,1597,1325,983,1148,963,359,351,329,11149,9733,9194,339,367,312,13425,14825,12533,336,323,338,11478,11145,13330,346,346,315,12557,11936,10857,328,363,362,2107,2407,2249,340,369,333,2328,2323,2062,17971,19214,17374,13067,13201,12200,282,305,303,906,1110,1170,24910,33266,35515,9551,12699,12765,13769,14664,16947,14108,14813,16989,27841,26437,21586,12404,12072,9376,1557,1864,1727,2556,3076,2884,332,305,310,301,1323,1200,1126,1220
38,380,218,339,317,260,993,885,289,281,297,1048,999,1117,12645,11557,11693,966,824,790,15047,16421,19373,819,828,972,16578,17235,19071,859,807,1027,1260,1661,1359,1004,1179,972,357,351,327,11302,9862,9326,340,366,313,13666,15056,12721,335,322,343,11661,11369,13558,346,344,318,12768,12145,11048,327,361,363,2145,2441,2277,337,369,328,2363,2369,2097,18497,19768,17880,13208,13377,12327,282,306,304,930,1142,1204,26052,35034,37000,9658,12858,12914,14116,15023,17359,14347,15045,17280,29094,27808,22686,12624,12308,9570,1607,1915,1770,2607,3129,2938,334,304,312,305,1366,1242,1162,1259
39,390,218,339,317,259,1023,911,287,277,297,1079,1042,1154,13042,11927,12095,988,840,801,15791,17173,20165,835,849,985,17322,18123,19898,876,826,1049,1291,1707,1391,1031,1212,990,355,351,325,11456,9985,9446,344,366,312,13862,15283,12888,332,324,339,11836,11545,13781,347,344,317,12980,12333,11246,325,361,361,2183,2478,2317,340,369,332,2418,2425,2132,18983,20289,18390,13343,13533,12461,281,306,305,961,1194,1247,27117,36804,38429,9730,12994,13035,14447,15345,17734,14588,15279,17581,30294,29154,23782,12835,12528,9740,1651,1965,1822,2654,3193,2989,332,304,311,304,1407,1279,1207,1294
40,400,219,343,317,259,1046,931,288,279,297,1110,1079,1184,13411,12279,12465,1009,862,821,16514,17910,20932,847,865,1010,18028,18992,20753,896,848,1075,1324,1759,1427,1055,1245,1008,354,349,327,11595,10106,9554,341,365,314,14064,15496,13060,334,324,340,11981,11727,13993,348,343,318,13179,12526,11440,326,357,359,2223,2501,2352,344,370,330,2468,2473,2171,19446,20729,18854,13469,13687,12589,283,306,304,990,1236,1291,28138,38516,39663,9812,13145,13138,14744,15637,18098,14760,15486,17837,31406,30494,24838,12994,12746,9902,1693,2001,1866,2701,3260,3057,332,302,313,304,1451,1321,1248,1342
41,410,218,337,319,260,1077,956,288,282,299,1143,1119,1219,13743,12590,12800,1025,881,840,17218,18610,21673,865,882,1032,18751,19818,21578,915,870,1095,1355,1809,1460,1079,1286,1025,354,350,325,11729,10198,9669,339,365,313,14271,15680,13233,330,324,339,12084,11870,14198,346,343,316,13369,12701,11604,326,353,357,2263,2525,2380,338,368,327,2504,2529,2212,19838,21147,19270,13588,13806,12696,284,309,304,1018,1279,1334,29197,40224,40903,9906,13268,13236,14991,15912,18413,14963,15691,18087,32429,31792,25874,13139,12937,10066,1736,2054,1902,2757,3326,3101,332,304,315,305,1498,1365,1287,1383
42,420,223,341,314,260,1105,981,287,280,295,1176,1162,1261,14030,12897,13128,1057,898,856,17915,19295,22312,884,901,1049,19446,20647,22354,936,892,1126,1379,1861,1491,1109,1328,1047,354,349,327,11857,10289,9781,343,365,313,14467,15882,13383,331,326,337,12225,12030,14378,349,344,318,13549,12881,11773,325,353,357,2308,2575,2422,338,369,327,2563,2584,2261,20231,21531,19686,13701,13923,12830,283,309,303,1048,1338,1384,30199,41879,42097,9985,13375,13304,15254,16169,18684,15150,15874,18290,33444,33080,26868,13295,13121,10202,1779,2097,1945,2807,3389,3167,329,303,315,305,1544,1415,1334,1430
43,430,219,338,317,259,1137,1008,287,280,295,1209,1208,1305,14324,13185,13425,1082,921,872,18611,19958,22925,901,924,1068,20138,21480,23151,959,910,1150,1403,1912,1522,1129,1376,1070,356,349,324,11979,10398,9868,340,362,311,14640,16067,13557,327,325,339,12359,12172,14577,349,341,315,13729,13045,11924,326,351,356,2346,2622,2454,336,370,328,2614,2643,2300,20574,21905,20059,13810,14054,12923,281,306,304,1081,1389,1430,31190,43536,43168,10048,13493,13383,15487,16386,18928,15319,16067,18490,34391,34349,27832,13421,13305,10342,1812,2143,1981,2853,3463,3230,329,301,310,303,1590,1457,1382,1475
44,440,217,337,315,259,1164,1035,287,281,297,1248,1256,1335,14621,13442,13708,1100,940,891,19276,20580,23476,918,935,1081,20824,22291,23941,979,934,1177,1426,1957,1553,1150,1403,1089,353,347,325,12057,10464,9975,343,366,314,14789,16226,13688,329,324,339,12492,12296,14729,347,340,318,13859,13200,12063,324,353,357,2381,2651,2490,337,369,331,2659,2690,2338,20907,22225,20399,13885,14158,13031,282,306,303,1106,1436,1477,32091,45081,44161,10116,13588,13448,15690,16582,19144,15478,16218,18657,35334,35536,28791,13545,13469,10485,1852,2176,2015,2903,3524,3293,334,305,312,306,1632,1507,1421,1525
45,450,219,336,317,258,1194,1060,287,279,298,1285,1305,1384,14866,13689,13971,1131,962,914,19939,21178,24067,930,958,1103,21478,23053,24665,1003,952,1205,1455,2004,1585,1179,1449,1115,355,346,326,12152,10566,10073,343,364,313,14974,16395,13830,330,326,338,12618,12433,14890,346,341,317,14001,13334,12190,323,352,354,2420,2705,2532,339,366,327,2715,2765,2389,21179,22503,20713,13981,14279,13109,282,308,303,1147,1496,1533,32990,46602,45225,10175,13687,13528,15886,16774,19318,15643,16393,18843,36210,36676,29694,13687,13615,10616,1884,2210,2048,2967,3595,3357,330,305,314,307,1690,1557,1485,1575
46,460,218,337,315,257,1231,1091,285,281,295,1322,1357,1424,15071,13915,14194,1153,987,927,20584,21750,24660,956,978,1123,22153,23836,25358,1025,974,1234,1474,2036,1616,1208,1481,1138,351,347,325,12257,10660,10152,340,364,313,15117,16555,13965,327,322,340,12752,12544,15045,345,341,317,14172,13476,12324,322,349,355,2470,2750,2571,339,367,328,2769,2829,2437,21432,22738,21005,14081,14355,13196,282,309,303,1183,1561,1577,33831,48043,46221,10244,13801,13611,16050,16924,19484,15817,16549,19012,37035,37794,30582,13797,13762,10722,1916,2248,2078,3029,3669,3426,331,302,315,303,1745,1608,1539,1631
47,470,220,338,315,258,1260,1127,288,280,297,1360,1416,1475,15301,14120,14421,1184,1009,946,21218,22327,25236,979,1001,1149,22746,24579,26079,1051,995,1266,1494,2079,1640,1240,1522,1168,353,348,327,12326,10737,10220,343,366,317,15277,16703,14095,329,323,341,12856,12642,15197,347,342,314,14299,13627,12432,322,350,352,2509,2806,2607,337,370,328,2826,2903,2483,21677,22956,21232,14163,14441,13270,283,307,302,1219,1619,1629,34621,49496,47144,10304,13879,13668,16205,17079,19638,15938,16697,19171,37844,38836,31444,13923,13892,10845,1949,2284,2114,3085,3743,3489,334,305,315,306,1804,1661,1594,1681
48,480,218,336,316,261,1297,1157,286,279,292,1403,1475,1516,15491,14296,14602,1212,1035,967,21820,22870,25780,1003,1022,1177,23341,25289,26756,1077,1017,1296,1520,2104,1668,1275,1566,1198,351,344,325,12408,10818,10305,343,363,314,15391,16852,14204,329,322,340,12981,12768,15339,346,341,320,14428,13758,12573,318,348,353,2545,2853,2662,340,365,327,2891,2964,2522,21885,23162,21428,14252,14551,13339,282,307,302,1264,1683,1689,35440,50883,48104,10368,13974,13764,16350,17210,19776,16089,16853,19331,38620,39807,32274,14047,14011,10969,1975,2308,2142,3147,3825,3561,332,302,310,306,1862,1717,1654,1737
49,490,219,336,316,260,1333,1195,288,280,293,1448,1531,1564,15657,14462,14783,1243,1057,990,22419,23355,26337,1020,1042,1205,23919,25997,27390,1104,1043,1335,1540,2143,1695,1306,1608,1219,350,346,323,12462,10908,10374,341,363,317,15521,16985,14316,328,325,340,13091,12872,15469,346,342,313,14531,13873,12670,320,347,353,2584,2902,2690,338,365,326,2952,3035,2563,22072,23344,21584,14310,14628,13384,285,310,301,1300,1742,1738,36213,52201,48848,10430,14058,13825,16462,17330,19892,16232,16988,19483,39312,40824,33038,14114,14167,11075,2008,2336,2170,3206,3897,3633,332,305,317,307,1915,1774,1708,1790
50,500,219,333,317,259,1370,1222,286,282,294,1490,1595,1620,15817,14609,14957,1273,1087,1004,22970,23823,26857,1040,1061,1234,24455,26678,28023,1129,1064,1362,1561,2176,1720,1340,1664,1252,352,344,325,12535,10974,10444,344,364,316,15660,17116,14425,327,324,336,13210,12987,15615,347,342,316,14666,13972,12763,320,348,350,2628,2959,2733,341,366,329,3016,3106,2611,22209,23510,21768,14394,14721,13453,284,310,303,1345,1815,1807,36930,53503,49627,10493,14159,13905,16566,17444,20018,16351,17125,19639,39911,41787,33781,14211,14304,11175,2033,2367,2196,3283,3985,3708,330,309,315,306,1983,1834,1782,1851
51,510,220,332,315,259,1405,1264,285,284,293,1539,1659,1677,15964,14743,15102,1308,1116,1036,23527,24291,27341,1064,1085,1265,24985,27310,28601,1158,1090,1397,1573,2215,1743,1372,1723,1280,353,346,326,12605,11062,10509,343,364,316,15779,17242,14515,329,322,338,13326,13100,15725,345,341,317,14781,14079,12875,316,349,352,2684,3027,2786,340,365,324,3086,3198,2654,22373,23641,21936,14471,14807,13531,285,306,301,1390,1890,1871,37618,54738,50370,10547,14244,13985,16667,17559,20105,16461,17276,19773,40557,42705,34509,14315,14420,11292,2053,2392,2209,3343,4064,3778,329,308,315,305,2041,1893,1842,1909
52,520,221,335,314,260,1445,1297,288,282,295,1582,1728,1726,16079,14867,15259,1339,1142,1062,24086,24756,27805,1092,1110,1293,25485,27996,29177,1186,1119,1435,1591,2257,1766,1408,1783,1308,351,346,326,12686,11129,10568,345,362,315,15878,17365,14610,326,325,338,13455,13188,15825,345,343,317,14876,14213,12970,320,348,353,2733,3082,2835,340,366,327,3148,3256,2701,22489,23760,22051,14533,14863,13586,284,312,302,1429,1952,1916,38281,55883,51106,10597,14308,14051,16771,17637,20174,16589,17413,19917,41153,43540,35217,14422,14529,11381,2087,2421,2239,3407,4144,3845,328,306,318,306,2092,1955,1912,1964
53,530,220,334,316,259,1470,1341,286,283,295,1629,1787,1777,16182,14986,15403,1366,1172,1083,24604,25195,28239,1114,1132,1318,25987,28649,29772,1213,1138,1468,1609,2295,1783,1440,1834,1343,348,343,327,12751,11188,10634,346,366,317,16006,17466,14687,330,324,338,13557,13299,15887,346,340,318,14992,14294,13085,321,347,350,2779,3136,2873,339,364,327,3203,3327,2758,22619,23828,22166,14606,14915,13632,287,311,300,1473,2029,1976,38911,56979,51749,10644,14369,14116,16837,17734,20256,16711,17520,20043,41735,44390,35843,14509,14656,11468,2106,2437,2254,3482,4218,3936,330,310,314,306,2163,2016,1979,2027
54,540,218,331,315,260,1509,1377,287,283,299,1684,1858,1838,16248,15078,15509,1401,1195,1106,25062,25575,28672,1139,1158,1353,26442,29245,30273,1245,1168,1507,1618,2332,1800,1483,1907,1376,348,343,324,12818,11261,10692,342,363,317,16113,17608,14781,327,325,335,13663,13422,15969,345,337,318,15103,14431,13190,316,346,349,2836,3192,2927,340,362,324,3282,3404,2813,22701,23911,22276,14639,14983,13698,284,311,303,1524,2104,2044,39555,58100,52371,10718,14464,14195,16901,17780,20333,16821,17658,20188,42298,45204,36488,14602,14783,11579,2129,2460,2277,3554,4301,4017,333,306,317,310,2231,2082,2048,2097
55,550,221,333,315,257,1549,1420,288,284,296,1731,1913,1881,16350,15159,15626,1435,1231,1136,25501,25949,29068,1166,1188,1383,26884,29868,30755,1275,1196,1548,1635,2363,1820,1515,1962,1400,349,343,324,12885,11295,10741,344,364,315,16204,17682,14851,332,325,335,13786,13525,16061,346,338,316,15188,14521,13288,315,347,350,2888,3258,2972,338,364,327,3344,3476,2865,22787,23965,22406,14718,15052,13754,283,309,302,1556,2165,2108,40145,59165,52971,10776,14540,14262,16957,17856,20401,16921,17781,20312,42765,45996,37081,14701,14904,11638,2152,2467,2292,3636,4385,4101,330,307,318,305,2300,2144,2118,2151
56,560,220,330,317,257,1590,1456,287,285,295,1788,1976,1946,16385,15227,15727,1471,1264,1168,25926,26320,29431,1190,1211,1411,27316,30433,31277,1306,1209,1586,1649,2397,1836,1562,2035,1439,347,343,326,12946,11359,10796,344,366,317,16298,17779,14928,328,324,336,13874,13653,16179,344,341,318,15319,14623,13383,316,346,349,2946,3322,3025,338,362,327,3423,3564,2923,22850,24010,22480,14765,15094,13807,286,310,301,1603,2237,2180,40710,60104,53533,10823,14614,14314,17023,17914,20438,17043,17886,20415,43292,46757,37603,14787,15021,11724,2170,2489,2304,3697,4476,4168,329,304,319,309,2362,2212,2186,2221
57,570,221,330,316,259,1632,1498,287,286,295,1838,2032,1993,16434,15288,15819,1507,1294,1188,26321,26660,29793,1220,1236,1445,27674,30964,31705,1344,1242,1626,1664,2432,1855,1603,2091,1475,349,342,326,13013,11432,10853,345,363,314,16374,17846,15009,328,325,334,13984,13747,16271,345,340,319,15398,14729,13487,316,345,347,3008,3386,3071,337,359,325,3500,3648,2977,22904,24071,22524,14827,15162,13834,284,312,300,1651,2302,2241,41206,61122,53957,10880,14665,14356,17058,17956,20447,17136,18009,20542,43771,47521,38149,14890,15136,11815,2190,2505,2324,3778,4557,4247,330,305,317,313,2433,2269,2262,2274
58,580,220,329,319,260,1674,1542,291,286,296,1891,2115,2050,16506,15354,15890,1547,1326,1222,26766,26989,30158,1250,1267,1480,28092,31509,32145,1373,1268,1662,1675,2469,1869,1647,2158,1519,349,341,327,13090,11482,10912,340,365,318,16449,17922,15100,329,323,338,14090,13853,16398,344,341,316,15504,14829,13583,319,349,348,3061,3455,3127,342,362,327,3574,3721,3035,22961,24124,22595,14867,15224,13918,286,313,299,1701,2363,2310,41683,62031,54409,10919,14739,14430,17096,17981,20494,17240,18109,20651,44164,48142,38699,14997,15241,11909,2206,2526,2338,3841,4653,4333,330,309,319,309,2503,2344,2339,2344
59,590,222,329,317,258,1710,1583,289,286,296,1943,2188,2115,16548,15396,15949,1582,1359,1256,27124,27276,30440,1284,1298,1515,28457,32016,32558,1408,1295,1713,1686,2500,1884,1696,2226,1547,351,343,325,13165,11543,10963,344,363,318,16545,18003,15147,329,323,335,14193,13946,16489,346,342,321,15587,14960,13675,318,346,346,3125,3531,3181,342,363,325,3643,3819,3097,23010,24157,22647,14935,15301,13956,287,313,300,1751,2435,2380,42137,62857,54780,10965,14798,14483,17153,18026,20503,17368,18236,20758,44606,48798,39206,15093,15360,11973,2222,2534,2344,3925,4750,4415,328,309,316,310,2580,2405,2411,2405
60,600,222,329,318,261,1755,1623,290,287,294,1992,2256,2174,16571,15454,16023,1615,1395,1283,27502,27564,30741,1313,1325,1546,28808,32532,32952,1445,1319,1748,1695,2521,1903,1735,2295,1585,350,343,326,13234,11613,11014,345,364,318,16618,18074,15213,332,328,337,14292,14056,16622,344,341,320,15687,15062,13753,319,348,347,3185,3600,3232,340,365,328,3727,3896,3163,23037,24200,22702,14994,15376,14015,286,315,301,1799,2512,2447,42543,63630,55149,11027,14856,14531,17178,18051,20527,17477,18343,20859,45019,49427,39652,15197,15455,12070,2234,2550,2361,3998,4838,4504,331,308,319,311,2649,2476,2490,2470
61,610,220,328,316,259,1798,1671,291,288,295,2047,2327,2232,16593,15475,16080,1657,1431,1316,27870,27835,30976,1342,1351,1581,29091,33013,33330,1476,1349,1788,1709,2551,1909,1789,2372,1623,347,345,326,13302,11679,11069,342,358,317,16694,18127,15276,331,324,338,14377,14146,16721,344,343,318,15782,15166,13837,315,345,347,3249,3669,3295,341,368,325,3803,3980,3220,23081,24242,22744,15050,15438,14074,289,317,302,1851,2580,2519,42914,64426,55407,11069,14919,14567,17217,18095,20529,17549,18450,20941,45400,50038,40162,15272,15569,12162,2252,2563,2374,4066,4925,4582,329,311,323,312,2726,2541,2561,2530
62,620,220,329,316,259,1837,1712,290,292,298,2106,2403,2292,16602,15492,16137,1703,1468,1349,28186,28092,31223,1374,1384,1613,29403,33444,33654,1513,1377,1837,1721,2574,1924,1836,2457,1670,351,347,324,13374,11731,11112,346,362,316,16745,18196,15321,331,326,336,14485,14246,16805,345,340,318,15874,15273,13917,317,346,346,3305,3743,3347,342,367,329,3874,4069,3286,23102,24264,22784,15090,15517,14118,290,315,300,1906,2650,2600,43272,65215,55699,11112,14969,14587,17231,18093,20558,17659,18548,21066,45743,50605,40650,15375,15670,12244,2258,2575,2384,4144,5021,4671,330,309,322,314,2801,2612,2644,2603
63,630,221,329,316,258,1888,1770,291,289,300,2163,2486,2363,16635,15518,16174,1747,1510,1384,28491,28326,31435,1409,1414,1651,29723,33878,33958,1558,1414,1886,1731,2602,1934,1886,2547,1712,350,342,328,13420,11806,11173,346,362,317,16856,18268,15356,329,328,338,14600,14335,16910,346,343,318,15970,15359,14003,317,346,346,3372,3814,3408,341,367,327,3963,4162,3347,23098,24275,22809,15128,15574,14169,288,318,304,1962,2722,2681,43660,65952,55909,11138,15044,14636,17252,18132,20558,17768,18657,21172,46081,51165,41063,15468,15762,12348,2283,2588,2391,4221,5110,4778,330,312,323,314,2874,2691,2715,2666
64,640,221,331,316,262,1937,1823,290,292,296,2219,2559,2420,16641,15524,16204,1787,1543,1417,28772,28582,31670,1440,1453,1688,29972,34356,34234,1591,1444,1924,1735,2624,1940,1926,2628,1752,344,343,325,13483,11861,11200,345,360,314,16897,18366,15417,331,327,337,14690,14451,17009,347,344,316,16065,15470,14074,316,347,347,3439,3883,3458,339,366,328,4033,4241,3406,23103,24304,22807,15178,15645,14194,289,316,306,2009,2784,2743,44001,66728,56062,11191,15097,14645,17275,18126,20564,17871,18749,21261,46408,51688,41535,15551,15882,12421,2294,2594,2403,4297,5195,4855,330,312,323,314,2940,2756,2784,2733
65,650,220,327,317,259,1987,1878,289,293,297,2279,2642,2486,16651,15548,16238,1834,1582,1454,29063,28815,31871,1479,1483,1722,30230,34804,34490,1626,1476,1962,1741,2650,1950,1977,2729,1793,346,344,325,13545,11922,11259,343,363,319,17008,18443,15488,332,326,338,14806,14549,17109,347,343,319,16138,15582,14161,315,350,345,3509,3953,3526,340,369,327,4113,4329,3473,23115,24295,22795,15236,15697,14250,288,315,305,2065,2864,2819,44372,67488,56187,11248,15177,14673,17288,18143,20523,17952,18853,21337,46724,52183,41955,15655,15970,12521,2304,2603,2415,4376,5298,4945,329,310,323,315,3009,2828,2857,2789
66,660,222,331,319,259,2034,1926,291,295,300,2336,2710,2555,16666,15545,16277,1881,1626,1492,29270,29000,32036,1514,1518,1762,30473,35222,34692,1668,1517,2012,1748,2665,1960,2028,2816,1836,349,343,326,13611,11980,11313,345,364,320,17077,18513,15547,332,330,340,14898,14632,17214,347,343,320,16239,15668,14220,318,345,347,3569,4041,3583,340,369,326,4192,4429,3537,23105,24302,22809,15288,15761,14290,290,317,305,2122,2934,2891,44705,68174,56333,11293,15228,14696,17307,18151,20482,18060,18943,21405,46992,52685,42361,15739,16054,12606,2313,2611,2420,4455,5399,5039,331,309,324,319,3088,2891,2921,2859
67,670,220,329,316,260,2087,1980,290,297,300,2400,2795,2608,16688,15571,16303,1927,1662,1523,29552,29228,32192,1555,1548,1793,30714,35660,34890,1711,1550,2044,1753,2690,1963,2075,2903,1874,353,343,326,13667,12035,11356,346,363,318,17143,18603,15619,334,331,339,14993,14738,17294,352,343,320,16314,15768,14272,318,346,348,3635,4094,3640,342,369,328,4262,4511,3598,23122,24305,22834,15335,15811,14334,290,320,310,2179,3007,2951,45044,68959,56592,11336,15301,14753,17322,18169,20448,18144,19028,21471,47286,53226,42773,15841,16161,12689,2327,2625,2433,4526,5481,5122,330,313,326,317,3151,2965,3004,2908
68,680,220,330,315,261,2133,2025,291,296,300,2458,2870,2675,16700,15562,16325,1967,1704,1562,29808,29438,32331,1585,1584,1830,30931,36115,35049,1749,1582,2091,1762,2707,1969,2120,3000,1918,349,344,327,13723,12087,11409,346,364,318,17218,18681,15694,333,330,341,15077,14804,17397,347,345,321,16414,15885,14363,317,346,346,3697,4179,3706,340,367,327,4339,4601,3666,23122,24297,22792,15388,15879,14368,291,321,308,2229,3087,3017,45352,69660,56827,11378,15351,14824,17332,18176,20430,18231,19148,21527,47550,53702,43147,15915,16273,12768,2332,2631,2434,4597,5579,5203,331,312,328,317,3225,3026,3068,2972
69,690,221,327,316,260,2183,2071,292,298,300,2514,2947,2737,16723,15565,16355,2024,1745,1602,30030,29593,32425,1630,1624,1870,31112,36520,35262,1793,1622,2133,1768,2722,1976,2177,3094,1973,348,342,328,13778,12148,11462,345,364,321,17243,18728,15760,333,332,339,15172,14912,17492,348,344,320,16497,15986,14427,319,348,345,3764,4247,3765,342,372,330,4416,4691,3732,23115,24294,22765,15408,15922,14384,293,321,311,2275,3164,3082,45646,70281,56998,11445,15407,14880,17306,18165,20398,18341,19214,21618,47810,54109,43469,16021,16366,12863,2339,2638,2446,4670,5671,5294,334,314,325,316,3300,3097,3144,3028
70,700,221,330,315,261,2240,2131,294,299,301,2564,3033,2797,16720,15559,16378,2065,1788,1639,30257,29780,32561,1668,1654,1903,31369,36970,35455,1830,1655,2186,1776,2736,1986,2231,3185,2022,348,342,326,13831,12201,11497,347,363,322,17257,18790,15811,331,330,339,15269,15007,17587,347,344,318,16599,16090,14506,317,346,346,3834,4327,3826,343,371,329,4471,4784,3797,23100,24271,22769,15460,15967,14443,290,323,311,2334,3245,3168,45934,70981,57179,11482,15456,14924,17344,18158,20363,18437,19328,21668,48027,54575,43888,16108,16455,12930,2359,2646,2448,4756,5764,5389,332,315,329,321,3384,3166,3222,3084
71,710,217,331,316,259,2289,2179,295,300,302,2633,3101,2859,16728,15569,16396,2117,1830,1681,30449,29950,32726,1700,1693,1943,31520,37315,35645,1870,1697,2228,1778,2747,1992,2284,3283,2067,351,342,326,13909,12274,11550,342,361,319,17306,18874,15898,337,332,341,15374,15112,17685,350,348,319,16670,16174,14567,317,349,347,3914,4406,3887,341,370,328,4544,4874,3854,23075,24240,22762,15506,16034,14497,291,322,312,2384,3326,3233,46189,71680,57347,11543,15533,14993,17337,18163,20350,18517,19409,21766,48232,55029,44248,16175,16575,13006,2361,2652,2461,4833,5852,5465,331,313,331,322,3441,3230,3287,3142
72,720,220,332,317,262,2339,2236,296,301,300,2685,3180,2904,16726,15554,16399,2161,1866,1711,30616,30073,32859,1742,1730,1987,31705,37688,35863,1917,1736,2272,1777,2762,2004,2343,3381,2119,348,343,325,13950,12328,11611,343,362,322,17359,18923,15946,336,331,340,15458,15190,17768,347,346,319,16761,16264,14642,318,349,348,3982,4481,3944,343,370,331,4617,4949,3916,23077,24246,22751,15554,16076,14532,293,322,312,2430,3390,3305,46437,72333,57565,11562,15600,15049,17351,18160,20332,18589,19498,21852,48385,55507,44589,16244,16647,13096,2367,2659,2465,4909,5924,5557,332,314,333,319,3517,3293,3363,3183
73,730,218,330,319,258,2385,2292,296,304,302,2745,3259,2967,16697,15523,16378,2210,1908,1747,30807,30249,32963,1782,1768,2022,31833,38010,36029,1955,1764,2316,1789,2775,2004,2404,3469,2172,348,345,326,13976,12387,11639,346,361,320,17427,18982,16037,335,331,342,15558,15279,17873,348,348,321,16847,16357,14725,319,350,344,4049,4553,4000,341,376,330,4688,5046,3992,23055,24248,22732,15579,16128,14585,292,325,313,2484,3482,3380,46664,72953,57695,11595,15656,15084,17333,18155,20278,18687,19570,21903,48600,55925,44902,16310,16748,13175,2377,2660,2465,4965,6010,5648,330,317,336,322,3583,3358,3432,3240
74,740,219,330,321,259,2433,2349,296,304,303,2797,3322,3014,16707,15528,16396,2260,1950,1797,30964,30376,33038,1828,1801,2058,31966,38337,36128,1996,1804,2363,1794,2781,2013,2448,3564,2219,346,342,327,14009,12433,11682,345,361,323,17484,18992,16100,336,333,344,15629,15364,17955,349,347,323,16895,16436,14795,320,352,344,4109,4635,4055,344,373,329,4753,5123,4054,23022,24222,22726,15632,16177,14615,295,330,314,2540,3556,3442,46843,73599,57825,11632,15713,15131,17318,18151,20282,18758,19661,21965,48751,56340,45230,16386,16831,13252,2387,2667,2470,5036,6095,5720,332,315,336,322,3652,3425,3503,3288
75,750,219,332,320,262,2482,2402,294,309,305,2859,3400,3074,16691,15514,16397,2300,1987,1834,31179,30473,33177,1868,1842,2100,32089,38674,36271,2032,1842,2404,1799,2791,2016,2506,3659,2273,346,344,328,14053,12484,11741,343,359,322,17569,19043,16188,338,331,343,15730,15404,18043,351,347,323,16974,16519,14863,318,351,344,4178,4704,4110,341,376,329,4831,5216,4120,23027,24207,22736,15682,16217,14667,296,330,317,2596,3629,3507,47073,74176,57975,11686,15785,15199,17318,18133,20208,18845,19746,22036,48948,56711,45561,16479,16907,13327,2385,2667,2476,5099,6167,5804,335,318,335,322,3722,3493,3576,3332
76,760,221,332,320,259,2531,2458,298,308,304,2910,3465,3124,16683,15493,16385,2347,2039,1868,31314,30571,33238,1912,1871,2136,32135,38948,36326,2067,1871,2448,1800,2806,2028,2564,3771,2330,348,345,328,14075,12539,11796,343,361,324,17613,19016,16216,338,332,344,15801,15504,18138,351,347,322,17046,16611,14953,320,351,346,4230,4778,4164,342,374,330,4908,5304,4175,23026,24176,22746,15724,16255,14729,296,330,315,2643,3694,3567,47294,74811,58166,11718,15840,15241,17316,18131,20223,18908,19802,22114,49142,57113,45930,16542,16950,13395,2389,2665,2477,5173,6252,5875,334,316,335,324,3787,3543,3639,3388
77,770,220,334,322,261,2580,2501,295,309,306,2964,3526,3174,16681,15500,16397,2391,2069,1900,31498,30687,33374,1952,1892,2177,32241,39234,36514,2102,1906,2493,1810,2806,2032,2596,3846,2373,345,347,325,14126,12576,11834,345,360,321,17672,19067,16289,339,334,344,15871,15573,18208,351,351,322,17123,16669,15017,321,348,344,4291,4848,4218,344,377,332,4963,5390,4235,23013,24160,22719,15753,16305,14744,297,332,318,2687,3761,3646,47552,75353,58288,11768,15882,15297,17312,18115,20187,18997,19896,22183,49306,57464,46234,16617,17034,13460,2400,2668,2479,5229,6304,5960,333,318,336,322,3853,3604,3703,3441
78,780,217,333,323,260,2618,2563,296,308,307,3020,3601,3227,16661,15466,16367,2443,2113,1941,31650,30792,33450,2002,1941,2211,32287,39475,36647,2139,1943,2542,1809,2816,2038,2660,3944,2432,345,344,330,14172,12651,11877,344,362,326,17739,19141,16335,336,337,345,15936,15669,18297,350,349,325,17182,16767,15079,319,350,344,4349,4927,4271,346,380,330,5037,5487,4295,23005,24114,22711,15799,16330,14797,298,332,319,2741,3837,3707,47783,75853,58398,11804,15943,15340,17300,18101,20149,19047,19963,22273,49488,57854,46564,16697,17105,13535,2401,2672,2479,5300,6390,6032,333,318,339,327,3916,3663,3773,3487
79,790,222,331,321,258,2663,2611,297,312,309,3071,3665,3282,16638,15464,16351,2483,2153,1971,31794,30858,33539,2038,1974,2247,32388,39707,36744,2178,1979,2587,1809,2823,2044,2713,4031,2482,346,345,328,14205,12687,11920,348,360,325,17788,19204,16399,337,335,344,16021,15740,18359,350,349,323,17249,16834,15157,321,349,342,4421,4996,4327,344,380,330,5104,5553,4349,22993,24076,22711,15851,16362,14830,297,336,317,2781,3905,3759,47981,76227,58519,11844,16000,15407,17290,18094,20140,19142,20043,22349,49612,58209,46896,16768,17200,13621,2407,2672,2482,5372,6460,6103,334,320,339,324,3978,3730,3842,3534
80,800,219,334,325,259,2704,2662,299,312,310,3124,3729,3330,16600,15461,16346,2526,2186,2016,31916,30983,33608,2086,2009,2283,32511,39952,36849,2218,2015,2624,1815,2831,2049,2768,4130,2532,347,344,329,14252,12741,11950,345,361,324,17829,19226,16432,339,333,343,16090,15802,18456,352,350,323,17326,16910,15211,323,349,345,4483,5066,4380,347,381,331,5183,5641,4413,22981,24081,22697,15864,16415,14848,301,335,321,2824,3965,3824,48233,76747,58624,11886,16052,15467,17283,18065,20123,19207,20094,22389,49794,58620,47211,16842,17240,13671,2412,2680,2485,5435,6533,6180,334,322,341,326,4039,3784,3904,3587
81,810,221,334,322,261,2747,2705,300,313,310,3159,3791,3368,16581,15426,16317,2568,2226,2044,32036,31079,33643,2120,2038,2313,32572,40212,37006,2247,2052,2669,1822,2841,2050,2810,4215,2579,350,344,330,14294,12780,11975,346,361,324,17857,19279,16522,339,336,347,16155,15871,18526,354,353,324,17392,16976,15271,322,351,346,4553,5130,4440,345,380,332,5241,5721,4463,22956,24040,22658,15910,16448,14876,298,335,320,2872,4025,3879,48435,77111,58771,11936,16117,15496,17295,18060,20101,19263,20168,22482,49960,58986,47507,16912,17331,13742,2416,2680,2494,5495,6600,6247,335,321,340,329,4092,3824,3971,3625
82,820,221,334,325,260,2791,2753,298,315,312,3210,3857,3418,16543,15420,16315,2601,2265,2079,32138,31155,33682,2165,2073,2342,32629,40403,37056,2282,2090,2704,1819,2848,2055,2861,4315,2625,349,347,329,14339,12830,12017,345,363,324,17882,19323,16568,338,336,349,16221,15953,18599,354,353,323,17472,17047,15327,321,350,344,4612,5198,4494,348,385,332,5312,5800,4508,22939,24023,22619,15953,16483,14897,299,338,322,2909,4075,3935,48652,77604,58877,11963,16152,15542,17270,18045,20088,19352,20232,22548,50120,59353,47842,16976,17391,13804,2422,2683,2490,5553,6673,6308,335,320,343,326,4149,3872,4030,3673
83,830,219,331,321,259,2832,2786,301,318,310,3248,3929,3467,16550,15422,16316,2643,2305,2113,32319,31216,33673,2206,2103,2370,32702,40609,37177,2320,2122,2745,1825,2857,2056,2909,4412,2671,348,346,331,14387,12876,12069,347,364,328,17926,19375,16624,339,340,349,16269,16026,18675,351,355,323,17496,17117,15372,323,356,344,4671,5260,4561,347,385,334,5373,5876,4563,22941,24024,22620,15991,16523,14923,301,337,323,2958,4139,3993,48897,77974,58978,12006,16208,15565,17264,18056,20075,19379,20308,22588,50273,59670,48119,17036,17457,13877,2426,2687,2496,5602,6744,6377,336,324,345,332,4206,3926,4098,3722
84,840,220,334,326,260,2864,2826,302,321,313,3285,3988,3504,16518,15419,16289,2679,2342,2146,32442,31299,33718,2251,2130,2396,32743,40794,37249,2351,2155,2791,1829,2858,2062,2935,4504,2716,346,347,330,14428,12911,12107,350,361,327,17963,19436,16690,341,338,345,16331,16084,18733,354,354,324,17570,17148,15426,323,351,346,4724,5313,4624,348,383,333,5434,5945,4608,22927,23991,22581,16022,16550,14950,301,341,325,2992,4192,4044,49113,78270,59033,12041,16241,15590,17237,18041,20033,19442,20377,22637,50392,60016,48380,17103,17551,13926,2425,2690,2498,5661,6801,6449,338,324,344,328,4247,3973,4143,3766
85,850,221,337,326,260,2900,2856,301,322,314,3337,4047,3545,16497,15392,16276,2720,2379,2185,32582,31360,33797,2297,2164,2429,32830,40962,37350,2386,2198,2826,1834,2874,2064,2978,4594,2763,346,347,331,14452,12935,12154,349,361,327,18006,19472,16748,341,340,345,16382,16158,18826,356,353,326,17632,17221,15485,327,356,344,4788,5388,4681,350,388,335,5489,6038,4663,22921,23983,22575,16067,16586,14977,301,341,326,3031,4262,4103,49346,78591,59113,12065,16293,15628,17234,18023,20004,19479,20424,22701,50553,60302,48682,17171,17618,14001,2449,2695,2504,5707,6866,6513,336,325,349,330,4300,4020,4204,3808
86,860,219,337,324,259,2942,2900,301,324,311,3373,4119,3587,16465,15378,16263,2758,2404,2207,32702,31426,33846,2338,2192,2460,32888,41155,37388,2422,2227,2867,1829,2873,2067,3017,4685,2802,350,347,334,14465,12975,12201,349,363,329,18076,19523,16781,343,339,346,16416,16228,18888,354,353,325,17694,17276,15543,327,355,346,4842,5448,4729,348,383,336,5549,6121,4708,22893,23932,22548,16098,16594,14999,302,343,325,3068,4322,4157,49558,78796,59235,12096,16314,15661,17216,18000,19980,19552,20480,22757,50706,60602,48950,17237,17682,14054,2447,2698,2504,5774,6927,6566,338,328,347,333,4342,4068,4266,3858
87,870,219,336,326,259,2973,2937,303,324,314,3407,4173,3630,16429,15363,16275,2792,2441,2240,32851,31492,33877,2379,2224,2485,32957,41336,37438,2454,2268,2896,1842,2880,2071,3058,4781,2843,349,348,334,14460,12995,12237,347,362,328,18117,19580,16836,344,341,350,16475,16278,18958,352,356,328,17747,17355,15607,326,356,347,4896,5502,4784,350,389,334,5609,6185,4745,22889,23920,22574,16113,16643,15015,302,339,326,3098,4371,4204,49800,79051,59307,12133,16338,15689,17209,17983,19951,19608,20534,22820,50876,60864,49192,17296,17735,14097,2449,2700,2504,5819,6979,6624,339,325,353,332,4375,4115,4327,3886
88,880,223,336,328,258,3003,2972,305,327,313,3447,4250,3667,16437,15336,16247,2828,2475,2274,32946,31560,33906,2419,2247,2509,33032,41481,37448,2487,2296,2923,1840,2891,2073,3099,4879,2883,348,347,334,14512,13024,12283,351,361,328,18154,19606,16886,342,341,346,16496,16331,19015,356,356,327,17790,17401,15632,329,354,346,4948,5555,4837,349,391,335,5664,6264,4796,22864,23889,22521,16166,16674,15066,305,343,329,3137,4444,4272,50018,79106,59349,12169,16353,15710,17206,17970,19929,19664,20578,22838,51008,61101,49396,17332,17816,14164,2454,2703,2516,5867,7034,6680,340,331,350,335,4422,4163,4380,3937
89,890,219,337,328,259,3025,3007,307,328,315,3482,4313,3713,16397,15342,16223,2864,2509,2300,33062,31593,33904,2469,2287,2533,33042,41669,37527,2519,2338,2962,1850,2898,2079,3154,4980,2924,347,349,331,14564,13075,12315,351,368,330,18186,19644,16892,341,346,350,16532,16387,19083,354,358,330,17849,17456,15702,330,359,348,5003,5609,4902,350,391,337,5705,6335,4827,22850,23886,22548,16190,16691,15097,307,345,328,3179,4503,4312,50238,79235,59411,12203,16382,15732,17189,17957,19896,19712,20618,22873,51118,61378,49616,17406,17896,14230,2463,2703,2514,5921,7072,6730,337,332,353,334,4466,4208,4440,3978
90,900,220,341,327,259,3062,3042,306,327,317,3521,4380,3745,16375,15309,16211,2892,2538,2332,33177,31645,33914,2502,2310,2552,33085,41803,37586,2544,2373,3001,1852,2911,2086,3194,5082,2970,350,351,335,14599,13095,12349,349,365,331,18233,19698,16964,340,342,350,16537,16438,19112,358,358,328,17892,17521,15748,330,356,350,5043,5653,4950,354,393,339,5763,6412,4875,22846,23862,22540,16205,16719,15115,307,353,329,3212,4557,4368,50476,79524,59484,12240,16414,15767,17185,17943,19849,19786,20685,22929,51327,61684,49894,17466,17977,14284,2474,2705,2519,5961,7115,6780,343,330,354,335,4513,4244,4494,4016
91,910,220,341,332,260,3092,3080,309,331,318,3557,4455,3782,16373,15299,16224,2930,2565,2365,33300,31686,33952,2548,2336,2568,33124,41936,37628,2575,2414,3032,1858,2909,2084,3238,5187,3014,351,351,335,14632,13124,12399,352,365,333,18280,19739,17003,341,341,352,16566,16487,19167,356,364,330,17931,17567,15797,334,357,348,5088,5692,5002,353,396,338,5806,6492,4915,22844,23846,22525,16250,16746,15161,309,351,333,3243,4624,4425,50695,79733,59570,12272,16463,15786,17185,17941,19870,19843,20739,22977,51480,61943,50106,17517,18049,14357,2474,2710,2514,6014,7162,6815,341,334,354,336,4554,4299,4555,4053
92,920,218,340,333,259,3111,3122,309,334,318,3593,4543,3831,16369,15283,16220,2958,2603,2397,33436,31775,33990,2593,2362,2599,33153,42075,37734,2610,2447,3069,1860,2911,2095,3278,5290,3061,352,349,337,14666,13167,12435,353,368,331,18309,19788,17055,340,344,352,16629,16548,19208,354,363,332,17989,17662,15856,331,359,351,5142,5747,5057,354,399,339,5852,6573,4955,22813,23837,22522,16261,16786,15209,310,353,334,3271,4697,4473,50896,79992,59679,12297,16521,15797,17157,17911,19824,19875,20785,23018,51602,62153,50299,17565,18120,14419,2482,2712,2520,6063,7196,6864,344,332,358,336,4593,4334,4603,4099
93,930,220,342,332,260,3145,3152,309,335,319,3618,4630,3868,16327,15266,16197,2998,2634,2426,33529,31804,33999,2629,2394,2626,33154,42220,37727,2635,2481,3104,1865,2921,2098,3330,5398,3107,351,349,334,14705,13204,12459,354,366,333,18353,19807,17088,344,345,353,16641,16615,19277,358,365,334,18053,17712,15928,332,359,349,5182,5789,5105,357,401,339,5908,6660,4994,22797,23812,22521,16296,16807,15244,309,353,334,3308,4772,4531,51086,80205,59708,12342,16567,15849,17163,17895,19825,19936,20847,23093,51775,62372,50459,17613,18191,14481,2485,2712,2521,6125,7247,6904,344,333,356,337,4634,4380,4656,4134
94,940,220,340,336,260,3167,3188,309,340,320,3650,4716,3911,16295,15229,16164,3024,2663,2453,33619,31853,34036,2668,2422,2652,33215,42358,37800,2671,2519,3132,1867,2929,2100,3372,5520,3143,351,349,339,14753,13227,12475,352,365,334,18393,19843,17135,344,347,351,16669,16671,19333,361,364,333,18110,17772,15967,333,362,351,5237,5832,5161,357,403,342,5962,6743,5035,22758,23813,22497,16315,16847,15273,310,357,336,3339,4860,4594,51214,80403,59823,12373,16604,15866,17143,17877,19803,19986,20912,23127,51889,62585,50676,17668,18275,14533,2491,2723,2523,6170,7296,6951,346,334,361,342,4672,4417,4727,4168
95,950,217,342,337,260,3182,3226,312,341,321,3683,4801,3941,16289,15224,16178,3062,2696,2483,33723,31884,34078,2714,2454,2673,33227,42466,37863,2694,2557,3165,1869,2929,2111,3420,5638,3188,353,351,338,14784,13260,12508,353,369,336,18432,19840,17161,344,346,353,16695,16725,19382,361,367,334,18165,17832,16021,333,361,352,5277,5873,5201,359,405,340,6000,6852,5090,22757,23798,22490,16343,16864,15307,310,358,338,3382,4948,4646,51388,80540,59870,12410,16665,15869,17148,17875,19774,20076,20973,23184,52070,62764,50853,17715,18350,14583,2499,2727,2532,6218,7335,6986,346,336,360,339,4719,4464,4782,4203
96,960,219,342,336,258,3212,3262,312,341,321,3711,4875,3990,16260,15206,16165,3099,2727,2517,33815,31930,34071,2756,2484,2693,33278,42573,37845,2727,2591,3192,1877,2931,2111,3469,5775,3239,353,353,339,14834,13296,12549,353,366,335,18470,19862,17194,344,347,355,16738,16779,19460,358,367,334,18206,17906,16066,337,362,353,5314,5926,5249,360,407,344,6046,6950,5121,22737,23790,22495,16368,16913,15365,314,358,339,3411,5018,4710,51581,80639,59902,12456,16702,15894,17130,17855,19793,20154,21022,23260,52232,62930,51010,17773,18419,14637,2500,2726,2534,6263,7366,7023,348,337,361,339,4748,4499,4850,4239
97,970,219,341,338,259,3226,3294,311,343,323,3737,4954,4023,16247,15198,16161,3130,2763,2546,33899,31918,34058,2806,2511,2722,33256,42643,37834,2758,2621,3231,1876,2933,2110,3511,5888,3283,351,354,340,14879,13308,12571,354,369,334,18512,19908,17254,345,347,356,16758,16817,19485,363,368,336,18253,17961,16098,338,362,356,5356,5972,5297,362,410,343,6096,7053,5153,22699,23763,22470,16390,16940,15390,312,361,337,3442,5100,4750,51708,80789,59967,12482,16740,15899,17121,17823,19773,20208,21077,23296,52320,63079,51164,17826,18486,14691,2507,2731,2535,6306,7404,7066,345,337,363,341,4787,4524,4898,4269
98,980,218,343,341,258,3247,3333,313,345,323,3761,5022,4076,16231,15178,16163,3168,2796,2581,33983,31914,34059,2861,2539,2739,33286,42765,37901,2793,2656,3264,1877,2937,2112,3555,5983,3327,357,353,342,14906,13336,12600,354,367,338,18560,19933,17288,343,352,359,16799,16869,19554,362,367,331,18300,18009,16167,336,364,354,5405,6020,5342,361,411,345,6142,7159,5196,22677,23742,22439,16424,16975,15423,312,367,338,3478,5181,4820,51837,80933,60049,12529,16801,15936,17126,17797,19738,20278,21117,23373,52476,63252,51324,17881,18561,14752,2507,2732,2535,6343,7457,7103,347,337,364,338,4827,4576,4959,4317
99,990,222,346,341,260,3271,3376,316,348,325,3799,5071,4121,16208,15167,16138,3210,2836,2616,34120,31852,34016,2917,2568,2765,33334,42807,37896,2845,2689,3300,1889,2942,2116,3620,6087,3372,353,351,342,14942,13386,12638,355,372,338,18588,19971,17311,347,350,356,16842,16929,19613,366,372,335,18384,18081,16226,337,364,355,5458,6064,5389,360,412,343,6194,7258,5224,22644,23712,22421,16469,17026,15470,314,366,342,3524,5243,4876,51972,81012,60077,12571,16860,15920,17108,17776,19732,20361,21173,23437,52606,63413,51441,17940,18663,14795,2507,2741,2537,6399,7503,7141,348,340,366,342,4867,4602,5030,4345
100,1000,221,344,342,261,3298,3415,319,350,324,3833,5141,4163,16192,15158,16143,3253,2885,2655,34224,31819,34010,2982,2605,2791,33357,42835,37923,2876,2717,3352,1887,2941,2118,3669,6169,3420,355,355,345,14957,13420,12690,356,370,339,18618,20001,17375,348,351,358,16891,16956,19670,365,370,335,18417,18146,16298,339,368,357,5501,6118,5450,365,414,346,6246,7352,5266,22617,23707,22395,16508,17045,15507,315,370,348,3556,5308,4943,52084,81218,60170,12602,16916,15936,17100,17754,19686,20427,21230,23499,52716,63605,51589,18004,18723,14851,2513,2749,2542,6445,7548,7185,350,339,368,341,4912,4647,5095,4385
101,1010,218,346,342,262,3331,3459,318,350,325,3867,5190,4217,16184,15144,16141,3308,2932,2701,34366,31760,33949,3057,2647,2831,33400,42932,37974,2931,2751,3402,1893,2944,2120,3729,6262,3477,357,356,344,14971,13442,12727,356,370,339,18642,20037,17395,348,352,358,16946,17008,19711,369,373,341,18491,18227,16348,343,365,359,5544,6187,5515,365,418,347,6302,7450,5314,22617,23682,22377,16563,17090,15569,317,371,343,3600,5389,5020,52181,81232,60208,12653,16964,15995,17082,17726,19678,20509,21309,23557,52822,63790,51700,18071,18813,14934,2513,2750,2540,6510,7604,7236,351,344,368,346,4958,4705,5188,4446
102,1020,221,348,344,259,3353,3508,318,348,328,3897,5232,4267,16175,15130,16139,3355,2978,2743,34438,31768,33925,3116,2691,2859,33466,43015,38058,2974,2780,3456,1892,2947,2123,3786,6344,3536,355,356,345,14986,13490,12765,359,370,340,18673,20099,17450,348,356,360,16992,17070,19764,367,376,341,18545,18305,16426,342,369,360,5597,6245,5570,364,414,347,6350,7515,5364,22585,23646,22371,16608,17144,15594,317,369,346,3656,5449,5094,52300,81324,60339,12699,17007,16016,17078,17723,19660,20596,21398,23630,52961,63914,51873,18126,18902,14993,2519,2755,2545,6578,7656,7276,354,341,372,346,5001,4746,5267,4484
103,1030,222,347,344,260,3385,3559,315,354,331,3934,5269,4335,16141,15113,16141,3407,3037,2799,34515,31774,33892,3185,2739,2897,33517,43026,38124,3039,2815,3520,1897,2944,2125,3848,6421,3602,356,358,347,14998,13536,12805,357,374,341,18709,20127,17507,353,354,360,17037,17082,19806,369,376,344,18622,18376,16492,341,368,362,5657,6313,5652,365,422,348,6409,7600,5407,22544,23640,22306,16646,17188,15633,318,373,347,3707,5498,5167,52359,81432,60416,12750,17091,16047,17072,17701,19619,20673,21467,23704,53050,64065,51945,18204,19001,15061,2527,2765,2555,6643,7696,7331,356,344,374,347,5061,4785,5361,4548
104,1040,219,348,347,259,3427,3616,318,354,332,3976,5307,4400,16125,15091,16119,3472,3090,2839,34566,31771,33922,3260,2794,2943,33581,43087,38188,3105,2841,3574,1899,2935,2128,3926,6503,3667,356,358,346,15045,13586,12846,358,372,344,18743,20178,17553,353,356,358,17087,17125,19836,372,378,343,18718,18459,16572,340,368,364,5728,6383,5726,366,421,348,6477,7673,5479,22482,23621,22312,16683,17268,15675,316,373,351,3761,5549,5252,52527,81535,60536,12814,17153,16108,17060,17681,19607,20759,21526,23745,53174,64233,52070,18288,19090,15105,2516,2770,2553,6710,7762,7388,355,343,379,348,5116,4835,5458,4611
105,1050,220,349,348,261,3466,3667,318,354,332,4020,5330,4463,16087,15068,16103,3526,3158,2908,34673,31791,33929,3335,2856,2993,33620,43136,38232,3161,2870,3652,1896,2937,2140,3975,6559,3736,358,359,349,15083,13632,12871,360,375,343,18768,20213,17600,352,356,362,17153,17149,19857,369,379,344,18763,18570,16642,343,371,366,5792,6441,5803,369,419,350,6544,7719,5537,22484,23611,22272,16738,17305,15722,322,377,349,3834,5600,5333,52640,81682,60628,12886,17231,16148,17026,17660,19582,20836,21608,23822,53177,64371,52171,18322,19171,15163,2533,2768,2553,6783,7817,7443,356,344,379,352,5185,4893,5538,4676
106,1060,220,352,348,261,3510,3730,318,357,334,4076,5356,4532,16064,15048,16113,3586,3212,2965,34732,31794,33926,3409,2914,3043,33639,43155,38267,3224,2896,3714,1897,2932,2134,4046,6607,3806,360,361,351,15124,13684,12924,361,371,343,18822,20236,17646,356,356,361,17198,17223,19889,371,378,347,18830,18608,16702,346,373,363,5873,6515,5882,370,424,350,6626,7771,5608,22453,23560,22215,16764,17328,15732,321,376,350,3903,5625,5422,52758,81703,60734,12931,17262,16178,16992,17633,19576,20902,21680,23908,53223,64430,52250,18371,19262,15228,2528,2772,2562,6850,7882,7494,357,348,379,351,5249,4953,5618,4734
107,1070,220,351,348,259,3565,3794,317,359,332,4125,5367,4611,16020,15030,16085,3655,3272,3021,34794,31823,33950,3485,2973,3096,33647,43180,38324,3295,2916,3775,1902,2935,2137,4130,6671,3888,360,359,351,15168,13737,12954,362,375,347,18896,20287,17731,356,359,366,17249,17275,19935,373,381,348,18915,18689,16800,348,374,364,5947,6605,5968,371,426,351,6712,7820,5677,22447,23532,22169,16827,17395,15771,322,380,351,3964,5658,5518,52846,81806,60784,12997,17324,16225,17001,17617,19544,20975,21755,23995,53239,64570,52328,18431,19349,15284,2533,2773,2563,6945,7961,7579,358,346,378,353,5314,5024,5698,4811
108,1080,220,353,351,261,3625,3856,322,359,337,4179,5378,4683,15994,14990,16076,3717,3336,3082,34835,31818,33948,3563,3042,3155,33710,43172,38367,3361,2945,3845,1901,2939,2144,4191,6714,3973,361,362,350,15232,13790,13007,362,376,346,18929,20332,17782,352,359,367,17311,17286,20013,375,383,349,18949,18767,16856,346,371,369,6027,6673,6055,371,427,355,6789,7835,5734,22425,23485,22138,16870,17447,15809,324,380,353,4040,5682,5580,52927,81849,60818,13052,17353,16273,16976,17596,19543,21036,21785,24063,53284,64702,52417,18479,19419,15362,2537,2778,2568,7032,8016,7645,359,351,382,354,5380,5096,5756,4878
109,1090,222,356,351,260,3686,3918,321,361,337,4240,5384,4768,15976,14975,16080,3779,3391,3143,34903,31841,33983,3638,3095,3218,33748,43188,38394,3425,2973,3910,1909,2927,2144,4272,6750,4046,364,363,351,15282,13849,13057,363,376,348,18987,20394,17839,359,360,367,17380,17333,20070,376,385,350,19007,18833,16928,351,376,371,6114,6762,6155,373,425,354,6859,7841,5806,22403,23465,22114,16934,17484,15867,325,380,353,4109,5707,5659,53031,81870,60827,13121,17409,16297,16967,17572,19530,21116,21877,24143,53378,64795,52516,18570,19511,15419,2541,2778,2561,7106,8109,7711,363,349,383,353,5465,5171,5822,4963
110,1100,220,356,352,260,3748,3979,321,362,338,4292,5385,4845,15945,14958,16051,3844,3461,3208,34930,31862,33972,3712,3158,3267,33733,43155,38465,3492,2990,3983,1907,2912,2149,4345,6764,4122,363,364,353,15348,13911,13110,365,379,348,19034,20459,17911,355,357,369,17441,17397,20131,379,385,354,19094,18938,16988,352,372,372,6194,6844,6225,375,425,357,6932,7881,5873,22385,23429,22100,16997,17534,15918,327,381,360,4176,5705,5729,53113,81896,60850,13157,17440,16353,16964,17542,19522,21187,21941,24227,53430,64908,52595,18631,19579,15497,2543,2781,2569,7190,8190,7793,362,352,386,358,5538,5237,5871,5038
111,1110,220,355,353,262,3806,4047,325,363,338,4361,5365,4918,15911,14939,16014,3908,3516,3245,34967,31870,33944,3784,3219,3327,33803,43151,38460,3554,3018,4032,1908,2911,2136,4407,6771,4188,364,364,356,15418,13962,13164,366,377,348,19052,20516,17952,359,363,367,17470,17443,20194,376,389,352,19124,18976,17025,353,375,373,6271,6910,6310,375,432,359,6978,7876,5942,22361,23393,22067,17039,17585,15959,329,382,358,4248,5691,5784,53161,81832,60846,13227,17462,16387,16948,17532,19492,21249,21994,24270,53445,64892,52685,18658,19611,15529,2549,2788,2568,7250,8253,7859,363,352,384,359,5610,5305,5913,5107
112,1120,219,355,357,258,3868,4103,325,365,344,4427,5344,4970,15894,14904,15986,3977,3573,3311,35002,31885,33976,3866,3284,3373,33776,43192,38475,3619,3041,4102,1904,2906,2149,4476,6773,4264,365,364,357,15458,13998,13211,365,379,352,19083,20534,18005,360,365,370,17546,17508,20271,377,388,353,19158,19037,17087,352,378,374,6347,6980,6386,377,428,360,7049,7882,5999,22352,23376,22036,17069,17610,16009,330,383,358,4315,5696,5851,53241,81938,60883,13282,17494,16444,16938,17519,19484,21336,22045,24313,53464,65011,52674,18708,19679,15596,2545,2794,2574,7317,8334,7930,364,352,385,357,5683,5369,5941,5167
113,1130,219,361,358,260,3930,4182,324,364,340,4489,5301,5033,15859,14879,15971,4032,3625,3360,35028,31888,33939,3933,3335,3433,33800,43250,38461,3682,3062,4151,1912,2889,2140,4546,6752,4333,367,366,358,15513,14043,13270,368,381,352,19130,20579,18039,360,363,372,17605,17590,20332,378,389,357,19221,19100,17144,356,381,374,6423,7041,6474,375,433,359,7111,7883,6067,22296,23346,21978,17117,17655,16038,329,382,362,4380,5693,5901,53304,81918,60878,13340,17498,16490,16918,17518,19453,21382,22149,24395,53455,64968,52734,18777,19698,15646,2547,2790,2572,7378,8393,8012,365,353,387,360,5759,5460,5963,5214
114,1140,218,360,359,259,3993,4248,326,366,343,4551,5253,5096,15828,14860,15923,4095,3678,3417,35004,31902,33946,4000,3393,3486,33838,43245,38543,3740,3087,4217,1911,2875,2143,4619,6737,4409,366,367,356,15583,14096,13320,367,381,351,19172,20633,18081,363,363,373,17679,17670,20394,382,391,356,19277,19137,17205,356,377,377,6489,7124,6544,376,430,361,7172,7864,6140,22247,23308,21964,17124,17690,16068,333,383,364,4454,5658,5948,53362,81818,60978,13394,17511,16541,16912,17484,19418,21459,22199,24460,53421,64940,52806,18824,19726,15686,2551,2794,2577,7457,8468,8084,366,356,389,362,5830,5539,5991,5267
115,1150,219,363,361,259,4053,4323,329,368,349,4617,5199,5144,15802,14849,15929,4148,3738,3471,35049,31900,33917,4077,3448,3539,33824,43298,38508,3802,3113,4272,1915,2874,2146,4699,6716,4501,365,367,360,15634,14110,13374,370,383,353,19217,20693,18119,364,366,374,17731,17725,20454,381,392,360,19324,19166,17281,358,384,378,6568,7172,6631,378,432,363,7249,7857,6204,22209,23273,21940,17167,17729,16108,335,388,366,4529,5625,5984,53456,81722,60970,13436,17502,16613,16895,17499,19369,21513,22269,24489,53452,64857,52818,18853,19745,15709,2541,2798,2575,7541,8531,8155,368,359,389,362,5901,5611,6015,5312
116,1160,219,360,361,262,4109,4404,329,368,343,4695,5124,5187,15764,14820,15893,4203,3786,3525,34983,31865,33911,4149,3497,3589,33837,43320,38513,3856,3138,4336,1917,2866,2145,4777,6693,4589,367,367,362,15676,14147,13419,373,384,356,19318,20734,18142,362,366,373,17797,17781,20503,380,396,359,19395,19248,17324,357,379,377,6646,7226,6716,376,437,366,7322,7832,6278,22180,23210,21900,17215,17769,16145,334,387,365,4587,5573,6018,53504,81598,60992,13487,17477,16644,16887,17490,19352,21573,22333,24539,53463,64777,52827,18912,19742,15775,2549,2794,2588,7624,8598,8220,371,360,391,360,5986,5685,6024,5353
117,1170,221,362,363,260,4168,4473,330,368,346,4771,5037,5226,15726,14811,15878,4258,3835,3575,35000,31864,33882,4205,3554,3639,33836,43340,38506,3925,3158,4398,1917,2866,2150,4866,6665,4669,367,368,362,15710,14196,13473,371,385,356,19322,20759,18200,366,368,376,17853,17864,20580,382,395,362,19436,19249,17393,360,382,384,6714,7281,6793,383,436,365,7399,7789,6332,22153,23184,21862,17242,17783,16183,338,387,367,4659,5517,6044,53527,81463,60979,13537,17471,16688,16878,17477,19332,21652,22405,24548,53396,64735,52827,18944,19767,15799,2544,2797,2582,7678,8680,8296,370,361,392,361,6069,5757,6022,5395
118,1180,218,365,364,259,4224,4548,331,373,347,4828,4945,5266,15714,14800,15859,4316,3886,3626,35014,31855,33873,4286,3604,3685,33851,43378,38510,3978,3179,4445,1917,2858,2152,4945,6629,4749,371,370,363,15750,14241,13520,374,385,360,19411,20803,18239,367,372,380,17883,17926,20596,386,396,359,19491,19288,17443,363,384,382,6782,7327,6853,382,436,370,7460,7731,6408,22151,23137,21802,17279,17806,16184,336,390,369,4713,5442,6053,53602,81396,60989,13588,17450,16740,16869,17468,19294,21702,22456,24589,53425,64716,52823,19019,19788,15847,2546,2798,2588,7740,8744,8359,372,361,393,363,6154,5818,6014,5411
119,1190,215,366,367,260,4280,4615,334,372,351,4893,4857,5313,15678,14767,15814,4374,3935,3674,34973,31854,33861,4358,3651,3735,33845,43399,38441,4035,3193,4495,1912,2855,2146,5000,6561,4819,374,373,364,15778,14278,13563,376,385,360,19468,20865,18286,368,373,380,17937,17970,20631,390,398,362,19537,19329,17515,361,383,385,6836,7396,6928,383,438,367,7538,7658,6477,22119,23099,21759,17306,17848,16189,338,394,369,4777,5378,6080,53683,81313,61018,13627,17423,16785,16870,17482,19251,21750,22534,24613,53446,64739,52838,19055,19809,15864,2545,2798,2588,7816,8815,8412,373,363,394,363,6242,5893,6001,5436
120,1200,219,367,368,259,4342,4676,334,373,348,4944,4762,5328,15644,14744,15821,4420,3981,3721,34954,31848,33872,4438,3709,3784,33864,43391,38405,4091,3219,4546,1912,2838,2150,5066,6474,4884,372,371,366,15801,14296,13608,377,391,362,19488,20895,18326,368,373,380,18004,18049,20665,389,400,365,19587,19359,17543,365,386,388,6907,7473,6999,386,437,370,7615,7581,6564,22064,23065,21723,17340,17889,16189,338,391,373,4835,5292,6084,53706,81256,61066,13677,17395,16822,16859,17453,19205,21766,22605,24602,53410,64758,52849,19086,19804,15900,2541,2800,2588,7862,8887,8486,373,365,394,364,6308,5952,5981,5456
121,1210,219,367,369,260,4394,4719,339,375,349,5007,4682,5359,15593,14705,15808,4463,4030,3773,34935,31859,33844,4499,3744,3834,33841,43391,38386,4141,3243,4609,1902,2829,2139,5119,6363,4945,374,372,364,15829,14351,13664,375,390,360,19542,20921,18376,370,375,382,18021,18121,20689,387,400,365,19643,19410,17600,364,383,389,7004,7540,7083,387,439,369,7704,7480,6638,22036,23026,21694,17389,17938,16215,341,392,371,4888,5197,6094,53696,81106,61065,13711,17376,16864,16829,17442,19168,21809,22661,24627,53364,64724,52803,19150,19812,15921,2542,2801,2589,7911,8961,8525,374,365,397,365,6379,6011,5956,5476
122,1220,218,369,369,260,4438,4766,338,376,351,5053,4602,5374,15570,14721,15767,4512,4073,3814,34952,31812,33824,4575,3794,3888,33852,43406,38363,4193,3265,4655,1901,2828,2143,5160,6268,5018,372,374,370,15856,14388,13699,378,389,363,19569,20947,18404,374,378,384,18054,18179,20727,392,401,368,19681,19432,17642,368,385,389,7091,7626,7160,386,441,373,7764,7393,6683,22031,23011,21634,17420,17952,16240,343,391,371,4917,5105,6090,53730,80969,61046,13742,17311,16902,16820,17452,19132,21852,22706,24646,53304,64742,52755,19164,19846,15926,2546,2805,2592,7975,9036,8579,374,366,396,369,6448,6055,5914,5503
123,1230,221,372,369,260,4492,4813,338,376,352,5107,4537,5395,15537,14685,15727,4565,4122,3872,34944,31809,33788,4635,3843,3919,33848,43410,38325,4251,3286,4696,1894,2817,2139,5205,6159,5090,376,377,369,15884,14422,13757,382,393,364,19619,20979,18443,372,376,382,18085,18262,20773,392,405,367,19736,19471,17687,369,386,390,7161,7689,7219,387,439,372,7826,7277,6754,22020,22931,21568,17452,17944,16212,343,391,373,4967,5005,6070,53686,80654,61088,13764,17223,16909,16790,17419,19098,21854,22736,24658,53298,64664,52750,19204,19806,15936,2545,2816,2592,8018,9098,8642,380,366,397,366,6513,6077,5858,5498
124,1240,218,373,372,258,4552,4866,338,377,352,5138,4485,5409,15501,14668,15710,4607,4174,3912,34911,31737,33791,4689,3884,3960,33804,43407,38319,4301,3303,4747,1889,2811,2135,5265,6046,5135,378,377,373,15913,14462,13791,382,390,363,19631,20986,18483,373,381,383,18089,18293,20846,394,403,373,19786,19477,17693,367,385,390,7217,7739,7274,390,442,372,7876,7178,6800,22002,22896,21509,17484,17943,16205,341,395,376,5015,4915,6035,53677,80514,61065,13780,17161,16953,16772,17410,19085,21858,22744,24651,53281,64648,52691,19236,19823,15935,2542,2805,2587,8054,9155,8675,377,367,398,367,6542,6105,5801,5503
